signal_date,R0_residual_level_rank_ic,R1_level_change_rank_ic,R2_roe_shrinkage_rank_ic,R3_confidence_rank_ic
20120427,0.0155061836208148,0.0335814532580995,0.0323434316495158,0.0343382789388371
20120531,0.0770332627138144,0.0160008829963148,0.011554874231898,0.0087278077761997
20120629,-0.0491616584854317,0.0226131976101198,0.0233829808033348,0.0261807934823072
20120731,0.0306385249677842,0.0325910115452663,0.0332835847674167,0.032547777617374
20120831,0.0708836938715849,0.0924127199362625,0.0928143846046864,0.0891777182812288
20120928,0.0165512743850467,0.0523385449795681,0.0519670413276788,0.0510752746510451
20121031,0.0947042508361721,0.0646824991579102,0.0651238413864866,0.0626758300078561
20121130,0.2326302687169613,0.2133723475935557,0.2126921143525301,0.218239820029535
20121231,-0.0134176662359009,0.0649858154551363,0.0651841830670213,0.0680074593664796
20130131,0.0464216547368286,0.0427581800728817,0.0457341802637398,0.0419491436619087
20130228,-0.0122690391304356,-0.0177181535914908,-0.0174685417468572,-0.0203014971936142
20130329,0.0202811798453983,0.0425678209765334,0.0440814900507388,0.0473344894069555
20130426,0.0156078093153318,0.0390234461789352,0.0401066558655602,0.0375843708030365
20130531,-0.0246802609822991,-0.0255088607379365,-0.0267074752008065,-0.0280083047490382
20130628,-0.0298386459405914,-0.0335649923807932,-0.0337432627385771,-0.0299046895907054
20130731,0.1196934130453968,0.149791563565564,0.1496748115103327,0.1524390453157593
20130830,-0.0298657827518833,0.0040251120829761,0.0047226421420272,0.0070505311663355
20130930,0.0823327811011041,0.1019887689627324,0.1029964403220197,0.1064659933356597
20131031,0.0547556511388522,0.0753882736513827,0.0758116910673166,0.076245292704461
20131129,0.1265527414979595,0.1135817116679068,0.1137837420489735,0.1126658248464536
20131231,-0.0366038916263263,-0.0838826639300888,-0.082466122079164,-0.0830823916714543
20140130,0.0141758732541678,0.0118514386702942,0.0119118975647016,0.0101432722375552
20140228,0.1382553911229374,0.1149574577266249,0.1163675260353202,0.113999570320307
20140331,0.130050465412196,0.0777134218610973,0.0795836633386973,0.0806620724249838
20140430,-0.0319325091214269,-0.0393334497722636,-0.0366395847486864,-0.0264398423735332
20140530,-0.0151065597958003,-0.0548261129702364,-0.0534632501308838,-0.046503003050428
20140630,0.0759015190057717,0.0968450805321176,0.096659751463784,0.1008563915590358
20140731,-0.009131918831825,-0.0205264480167435,-0.018666499341115,-0.0079058257022237
20140829,0.0403467749638261,0.090980792105596,0.0867699422178929,0.0836307180648233
20140930,0.0286365262136905,0.0050576278208772,0.0048781785902161,0.0105828508138016
20141031,0.0468295765137456,0.0149956078006321,0.0149597670700185,0.0164322767902968
20141128,0.0277833612522039,0.0462079999944511,0.0469111784218216,0.0364950584738086
20141231,0.1313778598270243,0.217523622564454,0.2176928269315819,0.2198678600487614
20150130,-0.051387302838514,-0.047443394019052,-0.044435650255263,-0.0442906979845028
20150227,0.0201260893886893,0.0651715985385996,0.0647164279418286,0.0687066864014278
20150331,0.0234382124702345,0.0204886648624457,0.0174742824633104,0.0212583438180804
20150430,0.042474329414419,0.0528344604912354,0.0510596338983797,0.0502787170760295
20150529,0.1290492988317172,0.2098304658952401,0.2102160063270479,0.2129966132404546
20150630,0.2449214464435165,0.3042712741342879,0.3047885115617231,0.2925409277007451
20150731,0.1306309645022872,0.185704971387539,0.1860864507377922,0.1832045702641641
20150831,0.0298389836445407,0.1037465212494478,0.1054200737182698,0.1131343877776346
20150930,-0.0269417120219834,0.1095601519107545,0.0966421261561974,0.1020701272509641
20151030,0.0613465092096774,0.0307237892683286,0.0367372943975231,0.0403763733225183
20151130,0.1266073895811259,0.1866382699327454,0.1884008474376151,0.1956383725748456
20151231,0.1769236926004927,0.1928089340547434,0.1938274759509671,0.1953288337410142
20160129,0.0543396472551786,0.0607362132017216,0.0607931551962452,0.067747676101684
20160229,-0.005817913011287,0.0667908050655246,0.0666039714139299,0.0647263555562572
20160331,0.1061280102152811,0.1045283224510515,0.1031502418445681,0.0979149594904181
20160429,0.0950548001546988,0.0775299309961672,0.077346181201215,0.0735849604452261
20160531,0.0587464720593484,0.0362877352771311,0.0363620467829594,0.0382729637478245
20160630,0.108831518672393,0.1169245374216363,0.1164852234495425,0.1136081954235727
20160729,0.0348914845576133,0.0750546297724886,0.0754437313021303,0.0792405820851839
20160831,0.0568812586435369,0.0691478719339056,0.0671710728031757,0.069205936122625
20160930,0.021461420100486,0.0874166477024167,0.0886228663273858,0.0923485952238922
20161031,-0.0313400056685941,-0.0339490129458962,-0.0343330543365773,-0.0324905210200793
20161130,-0.0123121015990949,0.0305958477187743,0.0305773825400597,0.0263712493465461
20161230,0.059594834688077,0.0979821800590393,0.0964164189599051,0.0974175491924053
20170126,0.0761584630516152,0.0876800982924874,0.0872616103929975,0.094440685391847
20170228,0.1142963004181824,0.079623917540093,0.0784988874587157,0.0743341952965463
20170331,0.0664651928572477,0.009344448511666,0.0086264030593011,0.0093384573544114
20170428,0.0399620682865207,0.0751591343019387,0.0751307737240445,0.0748714407805759
20170531,0.1216805119890936,0.1420743661323161,0.1417062436935046,0.1397379477199113
20170630,0.0665098333477086,0.0306662071906728,0.028664866834867,0.0378713292730414
20170731,-0.04537954319822,0.0426773870732518,0.0431791665235588,0.0413293025930018
20170831,0.0522813162100054,0.0173443014662157,0.0202333802072845,0.0231230073764681
20170929,0.088827119275968,0.1500481195249509,0.1503940213428076,0.1423810196863606
20171031,0.0710750575406569,0.0654811334322375,0.0644566059292692,0.0630224082671432
20171130,-0.0042755559082385,-0.007487808853753,-0.0060991808966748,-0.000147441974946
20171229,0.0801963238083928,0.1397389597493377,0.1374761680401177,0.1433671007394939
20180131,0.0327022880414502,0.1159444565538585,0.1143883296122132,0.1115550511548719
20180228,-0.0254064332693763,0.0237506655466323,0.0254959082130227,0.0270410146868766
20180330,-0.0552767688569682,-0.0772845698904464,-0.0750225323349883,-0.0719994339397953
20180427,0.0544479214324132,0.0195869682781493,0.0169387208019667,0.010316218617284
20180531,0.0430027344161028,-0.0031434729471659,-0.0013265366523189,-0.0075170568866826
20180629,0.0123360360264505,0.0173696657480731,0.0158580592069709,0.0202270581470569
20180731,-0.1104911181176577,-0.1548395120340931,-0.1554524010656126,-0.1502027845692756
20180831,-0.0195568458471859,-0.0081559084575777,-0.010833628824356,-0.0174547678380404
20180928,0.0376284122685318,0.0417503021949595,0.0376870017441653,0.0308144931542743
20181031,0.0549033674348666,0.1037509375725486,0.102753873355751,0.1022128071471357
20181130,0.0067369604661355,0.0972569503418683,0.0935597045203489,0.0912585548390406
20181228,0.035129943746148,0.0848585254216672,0.081256623556124,0.0798327704140971
20190131,0.0665479122302665,0.1096203533114555,0.1111171213391575,0.1171109763672414
20190228,0.0372311291045592,0.0748352831464748,0.0728189117000338,0.0717458705790349
20190329,0.0499425261584274,0.0475932289088123,0.0479947903955537,0.0450246840867298
20190430,-0.1769749237285877,-0.1091560995517252,-0.1105560320051572,-0.1082585760690337
20190531,0.0740961825560528,0.1287080652464305,0.1294159209711858,0.1290348408342665
20190628,0.0252883368094295,0.0057312700824337,0.0049952274267599,0.0022382222653342
20190731,-0.0777314539943556,-0.0836902657698001,-0.0833408966158693,-0.0756075461935141
20190830,0.0202224882147298,0.0022764947903344,0.002759670028372,0.0042715412638799
20190930,-0.0515580974935175,-0.0649350397283547,-0.063573816050898,-0.0652745458456287
20191031,0.0430680404933962,0.0219073522193203,0.023183416863515,0.0264848066381064
20191129,0.0167784777047386,0.0173257521235542,0.0178493344395797,0.0238129472645598
20191231,-0.0809421429611577,-0.0694936895404468,-0.0680827026652222,-0.0623201065948589
20200123,-0.0918775910144713,-0.0778396387774788,-0.0786916210807724,-0.0724757453498123
20200228,0.1036750328348599,0.1179994073895483,0.1170860101424088,0.116893573932337
20200331,-0.0839491910752563,-0.0076533652358371,-0.0086171333608039,-0.0122307753326368
20200430,-0.082043334444513,-0.0785819249897289,-0.0776521571859329,-0.079394214316166
20200529,-0.0070503683926181,-0.0063909675971308,-0.0074128945262873,-0.003178492746725
20200630,0.0434990739893935,0.0800510442878381,0.0778322704785693,0.077613994184725
20200731,0.0762656910939532,0.0928121359659155,0.0935313058199018,0.0931587550611121
20200831,0.0357990608054381,0.0623863351127447,0.0603127887732497,0.0647250405570494
20200930,0.0279869289129077,0.001929176746749,0.0008610671762627,0.000290458427595
20201030,0.1369232228987495,0.0427933191210825,0.0472302380993902,0.0448314432376694
20201130,-0.0856944768593293,0.018492901554045,0.0179824352270155,0.0131972242207413
20201231,-0.0097520212050464,0.0053985445010532,0.0032533747002796,0.0041956410976348
20210129,0.2260125015912704,0.2150792895132638,0.2146927555942095,0.2079677090280028
20210226,0.0832237842622369,0.0853757827237574,0.0853631053803608,0.0849743917760491
20210331,-0.0717552515454354,-0.0321360010200868,-0.0310002895699149,-0.0318165213391054
20210430,-0.0892917571540169,-0.0825530219477612,-0.0831733006056144,-0.0819443316423162
20210531,-0.0986607036081354,-0.1197157909915591,-0.1206259550324418,-0.1204731250150178
20210630,-0.053290403660751,-0.0668152677835926,-0.0657177798042713,-0.0639826767571862
20210730,0.055040936976942,0.0308433920131301,0.0289185882782285,0.0296217900737314
20210831,0.1035556658598109,0.1722444966245694,0.1685344885000499,0.1711478189816428
20210930,-0.0782166979485303,-0.0601958506472155,-0.0596734011453961,-0.0635566061645673
20211029,0.0005855781544083,-0.0107552492322988,-0.0115466979995526,-0.0113854858749183
20211130,0.123792670518262,0.1464269036806386,0.1451704534312135,0.1436568892733483
20211231,0.2221794404753195,0.1616118957166002,0.1606423604419156,0.1624117922169219
20220128,0.0917267916394602,0.0668311174617548,0.0687429296239594,0.069723499501962
20220228,0.1114904503896218,0.0842710714453758,0.0855791287030263,0.0863919049482609
20220331,0.0335131946074483,0.055905711524889,0.0547697892937304,0.0597873237393539
20220429,-0.0676007214657896,0.0025628672719547,0.0034384073779132,0.0089309483010039
20220531,-0.0584980691631324,-0.0618255464277236,-0.0594559616367555,-0.0553705518612398
20220630,-0.0432051448818575,0.0654642866612553,0.064062485124033,0.0660478375938587
20220729,0.0344119765091566,0.0504988698543231,0.051339780274817,0.0557116909190197
20220831,-0.1032985406956779,-0.0983590780750561,-0.0977348752794395,-0.0957005301431449
20220930,-0.0915135173367145,-0.0462869538007859,-0.0468499828281428,-0.0430640945063704
20221031,0.1570462191383905,0.1544627165836209,0.1565336406996994,0.1519283395180285
20221130,-0.0496363929960187,-0.0181928148256729,-0.0163380673300012,-0.0158695863367107
20221230,0.0990930331683781,0.1706931289929234,0.167678384201119,0.16853962115253
20230131,0.1130033591926188,0.0791795152443551,0.0778832459960796,0.0682694507798136
20230228,0.0364696379918773,-0.0058569367103832,-0.0042027196271826,-0.0040587641672164
20230331,-0.0452768725185865,-0.0553326072763289,-0.0549954113398739,-0.061136364313706
20230428,0.0219194162466126,0.0209425002676146,0.0220438267633475,0.0235848024029126
20230531,0.073362810307459,0.0955984611502364,0.0953333481993837,0.0939653239007263
20230630,0.0636952386180379,0.0794792979701852,0.0796297249776897,0.079793869958717
20230731,-0.001175055015156,-0.0049729284682471,-0.0042702655730744,-0.0082247231532942
20230831,0.0600748117287615,0.118624333839195,0.1192647049405637,0.1152000767607659
20230928,-0.0456109323383525,-0.0651670898280071,-0.0645200518153853,-0.065053086014855
20231031,-0.0114307594135432,0.0530090415697957,0.0524481331165161,0.0558499789266015
20231130,0.1127406146497164,0.0847742719164384,0.0845579873569578,0.082942457988213
20231229,0.1047778158359414,0.0469062570154752,0.0491777720732308,0.0425280106755726
20240131,0.0262849045900894,0.000646794144368,-0.0001261586197276,0.0044085669205642
20240229,0.0084024255291976,0.0534713994838987,0.0532793889579742,0.0610221816804835
20240329,0.0269124153412052,0.0921696451191253,0.0957090963284221,0.0954937474993874
20240430,0.0950103255144633,0.0597265406962056,0.0592805281675569,0.057768977437268
20240531,0.0268375358586431,0.0097166403337195,0.0111490328507651,0.0120150612632129
20240628,-0.0002205623894516,0.0643620913613635,0.0666445709345358,0.0684954754984488
20240731,-0.0143144304660372,-0.0358800622408753,-0.0397064372507661,-0.0362920278963692
20240830,0.0783712432522395,0.06887881580053,0.066366414793404,0.0654922476965556
20240930,-0.0927139297371732,-0.0795383364009948,-0.0813507580969067,-0.0839605492989586
20241031,0.0531096291572653,0.0998018014536828,0.0999918369322439,0.0998061534993284
20241129,0.0517249285970738,0.1026621922219637,0.1043193219284813,0.1044315033394408
20241231,-0.0627532942123261,-0.0203002454711401,-0.0214914849435738,-0.0153220123497048
20250127,-0.0857054048085444,-0.0460173314893693,-0.0458006782665921,-0.0453425644427439
20250228,0.0824131200704476,0.0837417044395653,0.0822753053480487,0.0779078540675854
20250331,-0.1049533362139396,-0.0767686563396684,-0.0770621066665061,-0.0785418948642414
20250430,0.0934740170813306,0.1043472982040285,0.1054561406019208,0.1100344049579522
20250530,0.0530937703311056,0.0265894876079746,0.0258905837534895,0.0271993643964116
20250630,0.0799313764596149,0.0673807491824158,0.0667805133361566,0.0619815968615378
20250731,-0.0206440483787395,-0.0229895713367586,-0.0235878781790447,-0.0244612325378968
20250829,0.1045836778475452,0.0620430641863664,0.0616270135744317,0.0585557762805274
20250930,0.1213607656018188,0.1749949106539657,0.1753863920584558,0.1790251708221144
20251031,0.0577285084314308,0.0224073021268937,0.0219960152087558,0.0177314797305534
20251128,0.0344875907166353,0.0284004912737252,0.0294875845923093,0.0248590913838646
20251231,-0.0175480796477742,-0.0347209980960901,-0.0344630010172657,-0.0275263812610841
20260130,0.0655978038653295,0.0631242975584388,0.0601836953262659,0.0615689385331489
20260227,0.088083658432029,0.0515458346125782,0.051814903933568,0.0487989538266359
20260331,0.0123659690896578,0.0641236037422241,0.0673280877796305,0.0608157925127148
20260430,-0.0241911406880659,-0.0215503907861284,-0.0217478429768607,-0.0212719255499485
20260529,-0.0181937765550423,-0.054853572910213,-0.0552194967760732,-0.0580754987643663
20260630,0.2734943291951126,0.3491691048338879,0.349756164949371,0.3456160781069254
