signal_date,net_return,ending_nav,group
20120330,0.06478869799134368,1.0647886979913437,1
20120330,0.05180311791983594,1.051803117919836,2
20120330,0.050320603874505654,1.0503206038745057,3
20120330,0.05967276351528228,1.0596727635152823,4
20120330,0.06185873286584731,1.0618587328658473,5
20120330,0.05517316977190889,1.055173169771909,6
20120330,0.056482197589749594,1.0564821975897496,7
20120330,0.05201665505777742,1.0520166550577774,8
20120330,0.06292868983246946,1.0629286898324695,9
20120330,0.05638074404421012,1.0563807440442101,10
20120427,0.011192539400596502,1.0767063874469216,1
20120427,0.017020092546677912,1.069704904327716,2
20120427,0.02514530205728205,1.076731232715917,3
20120427,0.020604446979933355,1.0815067347872123,4
20120427,0.021118242067897475,1.0842833226284192,5
20120427,0.010874119053700282,1.0666472484422789,6
20120427,0.02548452128540646,1.0834061406418785,7
20120427,0.018194685618628803,1.071157767362115,8
20120427,0.03163467792503405,1.096554096592598,9
20120427,0.024634185655224128,1.082403823415599,10
20120531,-0.07320588164117592,0.9978851470851842,1
20120531,-0.058196668465997026,1.007451642654105,2
20120531,-0.03221781997028128,1.0420412997038966,3
20120531,-0.04836251339729869,1.029202350836797,4
20120531,-0.02746819445783122,1.0545000174750785,5
20120531,-0.04718130944037324,1.016321434549801,6
20120531,-0.03481129339752986,1.0456913716113085,7
20120531,-0.042070829970082935,1.02609327106029,8
20120531,-0.03590940461270131,1.0571774918583392,9
20120531,-0.047965485979463485,1.0304857979994404,10
20120629,-0.11007190997015714,0.8880460230146667,1
20120629,-0.10583954117212024,0.9008234230424956,2
20120629,-0.0903120606581912,0.9479324026366979,3
20120629,-0.0918237939534089,0.9346970862371948,4
20120629,-0.06778932904751012,0.9830161688098552,5
20120629,-0.07480918210487997,0.9402912592754722,6
20120629,-0.08911127842681943,0.9525084766471306,7
20120629,-0.09802367021721337,0.9255118426457744,8
20120629,-0.09438627498583885,0.9573944464029586,9
20120629,-0.11973497905261676,0.9071006025619583,10
20120731,0.008319974590776269,0.8954345433615887,1
20120731,0.011583950537222831,0.9112585170177917,2
20120731,0.011562143080050546,0.9588925327061995,3
20120731,0.011738546780457826,0.9456690717095478,4
20120731,0.006196112547720123,0.9891070476280297,5
20120731,0.014974242189643938,0.9543714083206684,6
20120731,0.02554912374511753,0.9768442335852615,7
20120731,0.03069441331180056,0.9539198856689098,8
20120731,0.004364924198532849,0.9615734005896037,9
20120731,0.02227624004211215,0.9273073933269731,10
20120831,0.004266998305684666,0.8992553610409642,1
20120831,0.010352727821014485,0.9206925284190582,2
20120831,0.004141005985410118,0.9628633124235009,3
20120831,0.016539214219786658,0.9613096950675788,4
20120831,0.008217838606675354,0.9972353697101619,5
20120831,-0.0004414175786240371,0.9539501320044994,6
20120831,0.012793279948448477,0.9893412753315453,7
20120831,0.03153295998230243,0.9839998032500301,8
20120831,0.01982102115094353,0.980632767300875,9
20120831,0.030321322161948272,0.9554245795431968,10
20120928,-0.012715424417203525,0.8878209474658827,1
20120928,-0.00854012038380858,0.9128297033898863,2
20120928,-0.016054522099993362,0.947405002094925,3
20120928,-0.018364483829035883,0.9436557387178148,4
20120928,-0.004866062835327201,0.9923827597395415,5
20120928,-0.00431926789596504,0.9498297658249808,6
20120928,-0.018762509378149717,0.9707787503749465,7
20120928,-0.009337414697574431,0.974811789024753,8
20120928,-0.0158161113776647,0.9651229702326568,9
20120928,-0.01179119792391603,0.9441589792244287,10
20121031,-0.12454016972207216,0.7772515759856707,1
20121031,-0.12241438522016557,0.8010862164387074,2
20121031,-0.11999917223940981,0.8337171860680577,3
20121031,-0.12708070371923896,0.8237353033728566,4
20121031,-0.12421035941428848,0.8691185404757495,5
20121031,-0.11183542565408977,0.8436051496650196,6
20121031,-0.11181886728661572,0.8622273701221037,7
20121031,-0.12300877157068901,0.8549013883441924,8
20121031,-0.11666272597407645,0.8525290936251176,9
20121031,-0.1009808059569054,0.8488170445508968,10
20121130,0.16384665603460657,0.9046016476085509,1
20121130,0.1548074890544553,0.9251003621217176,2
20121130,0.1571301806414338,0.9647193181187994,3
20121130,0.16588085429307786,0.9603772192077137,4
20121130,0.16964762217651108,1.0165624342569803,5
20121130,0.18071490442341642,0.9960571736578356,6
20121130,0.18805290677239683,1.0243717333722846,7
20121130,0.1990884048564896,1.025102342059236,8
20121130,0.21054709680478112,1.0320266192294976,9
20121130,0.2049184824773198,1.0227553452211502,10
20121231,0.05440257902004264,0.9538143102242358,1
20121231,0.055745609574638255,0.9766706457259113,2
20121231,0.06414896902750189,1.026605067777035,3
20121231,0.044420192258568525,1.0030373599256697,4
20121231,0.04984655368522484,1.0672345682105537,5
20121231,0.0631120548557218,1.0589203886411642,6
20121231,0.060258892249213325,1.086099239276705,7
20121231,0.06169305804905334,1.088344040354117,8
20121231,0.04299919185128398,1.0764029298253788,9
20121231,0.04047428997587632,1.0641506416380084,10
20130131,0.030531610152164212,0.9829357969015575,1
20130131,0.054444895131938065,1.0298453766109008,2
20130131,0.04733354086871411,1.0751979207086884,3
20130131,0.04750254128073306,1.0506841835216563,4
20130131,0.03609552404952887,1.1057569592338863,5
20130131,0.04698354290209128,1.1086722201507855,6
20130131,0.05231803001085611,1.1429218118719517,7
20130131,0.050202233257432116,1.1429813417323105,8
20130131,0.046605982391159095,1.1265697458186124,9
20130131,0.04641028235880662,1.1135381733887337,10
20130228,-0.05205110892115028,0.9317728986745369,1
20130228,-0.038155061884479924,0.9905515625348663,2
20130228,-0.03726327794262818,1.0351325217459846,3
20130228,-0.020868601536101816,1.0287578739554584,4
20130228,-0.03649875298021976,1.0653982091226497,5
20130228,-0.023666026228013615,1.082434354310427,6
20130228,-0.019853574479299585,1.1202307285559359,7
20130228,-0.04559551604091738,1.0908665176308856,8
20130228,-0.03318676380327745,1.0891825417562118,9
20130228,-0.053440851299774716,1.0540297454480436,10
20130329,-0.02979552427574539,0.9040102366525982,1
20130329,-0.030874792765432812,0.9599684883181266,2
20130329,-0.025466661744506958,1.008771151953941,3
20130329,-0.011555566957876962,1.016869993459523,4
20130329,-0.027858698100048374,1.0357176020583696,5
20130329,-0.030457365456039165,1.0494662555990224,6
20130329,-0.02531676988374354,1.0918701049843869,7
20130329,-0.019272518934522864,1.0698427720148074,8
20130329,-0.037837125562216634,1.0479710051636077,9
20130329,-0.014529146367180723,1.0387155930010668,10
20130426,0.15698097909679132,1.045922648715845,1
20130426,0.14449114133301633,1.098675430838943,2
20130426,0.1431543389871499,1.1531811194012132,3
20130426,0.14170227032710914,1.16096278016025,4
20130426,0.1545497329894765,1.1957874809089915,5
20130426,0.16736969163343463,1.225115099178326,6
20130426,0.15466909786581118,1.2607486691089704,7
20130426,0.1504000208186278,1.230747147198493,8
20130426,0.16573820384219773,1.2216598372381267,9
20130426,0.15379320546289743,1.1984629936129951,10
20130531,-0.14877023856356375,0.8903204867473543,1
20130531,-0.15101808763578073,0.9327555683412284,2
20130531,-0.14325057196174662,0.9879872644715021,3
20130531,-0.12663835739868978,1.0139403606797397,4
20130531,-0.13722190650161414,1.031699243007897,5
20130531,-0.15575389281959784,1.034298653329234,6
20130531,-0.13212061333647906,1.0941777816831435,7
20130531,-0.16009846845122877,1.0337064138812952,8
20130531,-0.15758783194589998,1.0291411121123892,9
20130531,-0.15754602704297715,1.0096499104112349,10
20130628,0.07098292095518577,0.9535180354829242,1
20130628,0.06345812031401943,0.9919464834205977,2
20130628,0.08909601572638648,1.0760129933243245,3
20130628,0.06522406349700338,1.0800736711468895,4
20130628,0.08022941404541228,1.114471868745516,5
20130628,0.07522649974214635,1.112105320707208,6
20130628,0.0865599800193817,1.1888897886032879,7
20130628,0.05118337879132406,1.0866150008220028,8
20130628,0.06943332850480366,1.1005978050274878,9
20130628,0.0812678790563861,1.0917020172198262,10
20130731,0.07707351025383025,1.0270090175679294,1
20130731,0.04396689425400924,1.0355592895627874,2
20130731,0.059865665833650716,1.1404292276153447,3
20130731,0.06772001729548704,1.153216278837357,4
20130731,0.05149712202484169,1.1718639625635572,5
20130731,0.0603102648889724,1.1791766871834954,6
20130731,0.04661475683175431,1.2443095969987858,7
20130731,0.07942040319774257,1.1729144023080016,8
20130731,0.08402050747037615,1.1930705911266795,9
20130731,0.10169830059525542,1.2027262571274948,10
20130830,0.08133154902688156,1.1105372518313048,1
20130830,0.08565976165168099,1.1242650514829198,2
20130830,0.07111197878370756,1.221527406653847,3
20130830,0.06850812046990207,1.2322209585957988,4
20130830,0.0689229004279055,1.252632225770376,5
20130830,0.05935328345104263,1.2491646953367588,6
20130830,0.05669195574104258,1.3148519415999955,7
20130830,0.07208946946423422,1.2574691792973447,8
20130830,0.06203248351798618,1.2670797229065391,9
20130830,0.05384025653836244,1.2674813473566637,10
20130930,-0.036265525027392,1.0702630353311655,1
20130930,-0.053640708547358584,1.0639586775263434,2
20130930,-0.047434122251018396,1.163585326313659,3
20130930,-0.01886761974274187,1.2089718821099764,4
20130930,-0.05024847491306972,1.1896893667984505,5
20130930,-0.03803179329995243,1.2016567218461132,6
20130930,-0.033485020526250575,1.2708240973465392,7
20130930,-0.03684581531524622,1.2111367021523405,8
20130930,-0.0008355946977425255,1.2660209578084614,9
20130930,-0.01948536325065575,1.2427840128899885,10
20131031,0.06900362762455847,1.144115067281487,1
20131031,0.043457587114168916,1.1101957544408205,2
20131031,0.05680012206824547,1.2296771148850942,3
20131031,0.05010055188162599,1.2695420406130542,4
20131031,0.07618262541305776,1.2803230261871548,5
20131031,0.07123874415324849,1.2872612376137398,6
20131031,0.06407535923833763,1.3522526079127548,7
20131031,0.07696120325146505,1.3043472400519958,8
20131031,0.08565145954492093,1.3744575006592148,9
20131031,0.07737418419969311,1.3389434120237722,10
20131129,-0.010768483194919964,1.1317946834064117,1
20131129,-0.000956288134643879,1.1091340874137168,2
20131129,-0.0110260812207289,1.2161185951410995,3
20131129,-0.0008002190518816565,1.268526128884991,4
20131129,0.014643772627750629,1.299071785472713,5
20131129,0.012993456753950472,1.3039872108357107,6
20131129,-0.0027296786345356594,1.3485613928604403,7
20131129,0.010874554408625059,1.318531435081681,8
20131129,0.01204882592630896,1.3910180998277673,9
20131129,0.0026883359076999014,1.342542941676694,10
20131231,0.020892487839916152,1.1554406900667618,1
20131231,0.020686655280158783,1.1320783619395178,2
20131231,0.018893508675139392,1.2390953423683964,3
20131231,0.04743193957301206,1.3286947835770508,4
20131231,0.03508898835095575,1.3446549002202202,5
20131231,0.03435741322100294,1.3487888382732962,6
20131231,0.039471651252678486,1.401791337852254,7
20131231,0.05063298680142592,1.3852926198314368,8
20131231,0.025752009680634957,1.4268396114004704,9
20131231,-0.009566352057000183,1.3296997032449742,10
20140130,0.04742943812157874,1.2102425927794376,1
20140130,0.02586310874504405,1.161357427722271,2
20140130,-0.00022315036396747256,1.2388188377917564,3
20140130,0.009535392551498045,1.3413644099195858,4
20140130,0.025900209513766592,1.3794817438596367,5
20140130,0.027095600478977966,1.3853350817656542,6
20140130,0.009138920660677563,1.414602197671711,7
20140130,0.03273900014019904,1.430645715106315,8
20140130,0.04209162511146114,1.486897609417722,9
20140130,0.05734838377984697,1.4059558321386156,10
20140228,-0.05396619924126467,1.1449303998872378,1
20140228,-0.04649334340483113,1.107362038019428,2
20140228,-0.05318833546681723,1.1729281258646758,3
20140228,-0.05497590066161706,1.267621693368818,4
20140228,-0.055149047680121854,1.303404639393664,5
20140228,-0.05712117805346051,1.306203109896413,6
20140228,-0.053600866370790756,1.3387782943064825,7
20140228,-0.05074114680060415,1.3580531108564502,8
20140228,-0.03403485059385569,1.4362912714328286,9
20140228,-0.0030320022802377,1.401692970849658,10
20140331,-0.02519087129710118,1.1160886055395398,1
20140331,-0.030892682930170667,1.0731526536899862,2
20140331,-0.028317361332384716,1.139713896307649,3
20140331,-0.004273254948079841,1.2622048226953364,4
20140331,-0.01872081224795419,1.2790038458564628,5
20140331,-0.03053704077426278,1.2663155322700375,6
20140331,0.0003280977039676891,1.3392175443909662,7
20140331,-0.011351696675098943,1.3426369038733332,8
20140331,0.00057240308001405,1.437113408980394,9
20140331,-0.00920480019055503,1.3887906671244814,10
20140430,0.044734227574533714,1.1660159672130896,1
20140430,0.042705625144924264,1.1189823086417514,2
20140430,0.015697611795683075,1.157604682610032,3
20140430,0.03150477120391049,1.3019702968468254,4
20140430,0.03936003795205156,1.329345485770193,5
20140430,0.02935795763229665,1.3034919700155403,6
20140430,0.020039094355486675,1.36605425112554,7
20140430,0.03291200843789266,1.3868257809826383,8
20140430,0.028375571622800466,1.477892323447004,9
20140430,0.03216798479262328,1.433465264184679,10
20140530,0.05024281989770962,1.2245998974516306,1
20140530,0.03214238313573925,1.1549490667282287,2
20140530,0.04285579972197495,1.2072147570451879,3
20140530,0.06087090587830368,1.3812224082425357,4
20140530,0.04683905163867408,1.3916107676238212,5
20140530,0.051740153914274334,1.370934845170165,6
20140530,0.04724845277320955,1.4305982008954872,7
20140530,0.04726458908984399,1.4523735316599848,8
20140530,0.03678551596837898,1.5322573551107086,9
20140530,0.052562249194729294,1.5088114226127425,10
20140630,0.07489948978230898,1.3163218049582257,1
20140630,0.05863908502883208,1.2226742232560757,2
20140630,0.0414480625920286,1.2572514698572175,3
20140630,0.03554380308648497,1.430316305539749,4
20140630,0.04363169179513804,1.452329099735579,5
20140630,0.04403103780518958,1.4312985291663043,6
20140630,0.06121329875696335,1.5181698359680769,7
20140630,0.06612432008743241,1.5484107439539843,8
20140630,0.055226766755827716,1.6168789746713093,9
20140630,0.07011653604507351,1.6146040531115875,10
20140731,0.05054752061908885,1.382858608535708,1
20140731,0.057986748529215815,1.29357312597318,2
20140731,0.06523620991923851,1.339269790666094,3
20140731,0.05041007535599884,1.5024186582849215,4
20140731,0.059805867465573925,1.5391869013907613,5
20140731,0.03692614750293788,1.4841508697750374,6
20140731,0.06806288648015268,1.621500857171164,7
20140731,0.04458486803576922,1.6174464326383398,8
20140731,0.055871437572762694,1.70721632736737,9
20140731,0.05550408700136633,1.7042211769482518,10
20140829,0.14565941430018392,1.5842849835149864,1
20140829,0.13093294442448777,1.4629444641852372,2
20140829,0.11297073965556104,1.490568089515991,3
20140829,0.12383395301144251,1.688469099818491,4
20140829,0.1049840870307226,1.7007770330029173,5
20140829,0.10746155461555906,1.643640029525097,6
20140829,0.1106726210774771,1.8009566071136724,7
20140829,0.10854973675167479,1.7930198171111669,8
20140829,0.12010060241751641,1.9122540367412109,9
20140829,0.12553806144454405,1.9181657997750745,10
20140930,0.010420478667854116,1.6007939913895057,1
20140930,0.009783576683272122,1.4772572935339618,2
20140930,0.026162819491246214,1.5295655533814094,3
20140930,0.010882325326140974,1.7068435698658524,4
20140930,0.008465238087731919,1.715174515521433,5
20140930,0.004648395880681111,1.651280319067664,6
20140930,0.001997709898003297,1.804554395953578,7
20140930,0.011684207728851925,1.8139698331162417,8
20140930,0.02191381047399643,1.9541588092804925,9
20140930,0.021691558068204442,1.9597738046053395,10
20141031,0.05760118674351333,1.6930016250254267,1
20141031,0.046221918255048955,1.5455389593973634,2
20141031,0.05358272868478897,1.6115238494338446,3
20141031,0.02787391931656824,1.7544199898182966,4
20141031,0.030263993950797152,1.767082546683735,5
20141031,0.021586499165247908,1.6869256802968082,6
20141031,0.04550650176058202,1.8866733537501053,7
20141031,0.0480031667212526,1.9010461294426433,8
20141031,0.05003448977684721,2.051934148245773,9
20141031,0.05346239402119646,2.0645480039395694,10
20141128,-0.0471010195022592,1.6132595224677475,1
20141128,-0.03261561390040102,1.4951302574296315,2
20141128,-0.0222602046265461,1.575650998784888,3
20141128,-0.0442827861723637,1.6767293845526525,4
20141128,-0.009180172174324097,1.7508604246589352,5
20141128,-0.031319696227119054,1.6340916804321861,6
20141128,-0.05166584797356788,1.7891967750794708,7
20141128,-0.03330398675171187,1.8377337143332924,8
20141128,-0.06539802814136664,1.917741701074565,9
20141128,0.04440651029463627,2.156227376130283,10
20141231,0.059141721098722844,1.7086704672053938,1
20141231,0.052504270925633145,1.5736309815348284,2
20141231,0.07024054699418603,1.686325586811474,3
20141231,0.07644194368343848,1.804901837738993,4
20141231,0.07548287937571607,1.8830204108971806,5
20141231,0.06270558496109602,1.7365583551337467,6
20141231,0.09281207503217259,1.955255840415468,7
20141231,0.08822796705086522,1.999873223929754,8
20141231,0.08535117966899985,2.0814232175617136,9
20141231,0.08553962790044012,2.3406702635532097,10
20150130,0.08892222915348502,1.8606092540380241,1
20150130,0.09048510408959465,1.7160211446976184,2
20150130,0.11321110394321332,1.877236368102088,3
20150130,0.09942312278570298,1.984350814768658,4
20150130,0.12254688263473423,2.1137786921902064,5
20150130,0.10136298568845281,1.9125810948323319,6
20150130,0.08770326902458758,2.126738169399322,7
20150130,0.10148524741087273,2.202830852850645,8
20150130,0.08835084980650731,2.2653187276402855,9
20150130,0.08419936728587674,2.5377532187692564,10
20150227,0.19781625150955628,2.2286680021958176,1
20150227,0.18464518692652754,2.032876189730184,2
20150227,0.19598118695675382,2.2451393797211208,3
20150227,0.21883624646526645,2.418598698742924,4
20150227,0.19573286696382697,2.5275146557396444,5
20150227,0.2057678328633119,2.3061287618913213,6
20150227,0.18993142240066052,2.530672574987112,7
20150227,0.18664332585188337,2.61397452951583,8
20150227,0.24429408921776963,2.818722702997126,9
20150227,0.18465752398428115,3.006368444630327,10
20150331,0.1567167726337133,2.5779376587719716,1
20150331,0.15737207804944142,2.3527941401252535,2
20150331,0.17118423724209353,2.6294718519408677,3
20150331,0.11578599587368421,2.6986385576956704,4
20150331,0.13629753280523849,2.87200866744604,5
20150331,0.15750300827009633,2.669350979347397,6
20150331,0.19383140366323093,3.0211963924089074,7
20150331,0.12461587243623917,2.9397172460375534,8
20150331,0.13668460843174834,3.2039987119339677,9
20150331,0.1362961706365049,3.4161249511558656,10
20150430,0.20502114333421573,3.1064693850177325,1
20150430,0.2408091267942798,2.919368442535514,2
20150430,0.2652367552952992,3.3269044340899847,3
20150430,0.26852554426132325,3.4232919451654924,4
20150430,0.23147161644419945,3.536797156141526,5
20150430,0.2655164752282242,3.378107642530726,6
20150430,0.2666315144324789,3.826742561914836,7
20150430,0.2541143822411529,3.6867416779780497,8
20150430,0.21175550190584813,3.882463067285236,9
20150430,0.25761433019975843,4.296167692326566,10
20150529,-0.15268066566377836,2.632171571449077,1
20150529,-0.12084391979131526,2.5665805166244553,2
20150529,-0.1431514616075017,2.850653201721525,3
20150529,-0.1376291103641908,2.9521473202354653,4
20150529,-0.1418245451088812,3.035192508329369,5
20150529,-0.13360978771300114,2.926759397540529,6
20150529,-0.12427143510378214,3.3511877719729553,7
20150529,-0.08824530823779708,3.3614040222117434,8
20150529,-0.07017404244770087,3.6100149391999308,9
20150529,-0.11741595561324614,3.791729057257288,10
20150630,-0.16070883411679238,2.2091583470061305,1
20150630,-0.18422979291432096,2.093739919548801,2
20150630,-0.1586717712262563,2.3983350090525724,3
20150630,-0.152586601632831,2.501689193121267,4
20150630,-0.16520926253457335,2.533750592377812,5
20150630,-0.13195781173213017,2.540550631974633,6
20150630,-0.12881082281936418,2.9195185176429272,7
20150630,-0.14222682303663559,2.8833222071899987,8
20150630,-0.11498005405730627,3.1949352263430395,9
20150630,-0.11267723258564133,3.364487520370974,10
20150731,-0.16378906156067008,1.8473223745110752,1
20150731,-0.12903361391183932,1.8235770911379354,2
20150731,-0.1511453920611694,2.035837723815293,3
20150731,-0.1383178414379327,2.1556609439801298,4
20150731,-0.16411274641653772,2.11792982392816,5
20150731,-0.1539708452173667,2.1493799038519836,6
20150731,-0.16192833271079332,2.446765751762721,7
20150731,-0.13407989689484112,2.496726662935358,8
20150731,-0.13346345205452814,2.768528141944682,9
20150731,-0.13291589276152094,2.91729365791587,10
20150831,0.012770832432074775,1.8709142190039787,1
20150831,0.01131518917395713,1.8442112108974555,2
20150831,0.01757678795963802,2.0716212118070265,3
20150831,0.00929244557073372,2.1756923059710216,4
20150831,0.03942090209863669,2.201420528169015,5
20150831,0.019584315757892545,2.1914740385726894,6
20150831,0.02700829039377428,2.51284871171187,7
20150831,0.025477635306418556,2.5603373543134365,8
20150831,0.025923032179900662,2.840296786059275,9
20150831,0.015368270553662855,2.962127416135206,10
20150930,0.15353081314891792,2.158157200379532,1
20150930,0.09349104560879806,2.016628445327726,2
20150930,0.10391226383596242,2.2868880617364944,3
20150930,0.09395948744205973,2.380119239871692,4
20150930,0.10474999479648539,2.4320193170395954,5
20150930,0.12666693642129268,2.4690613412854896,6
20150930,0.13379993466505624,2.849067705162089,7
20150930,0.12021205437233529,2.868120767561684,8
20150930,0.11577488744280129,3.1691318267694375,9
20150930,0.09951714146580204,3.256909869246464,10
20151030,0.10344182139729563,2.381400912048479,1
20151030,0.1127486609896049,2.244000602251976,2
20151030,0.08419297131789194,2.4794279627255045,3
20151030,0.13764995663952884,2.7077425500369388,4
20151030,0.09686963622351685,2.667608143569787,5
20151030,0.07039782033038988,2.642877877974017,6
20151030,0.113942692701406,3.1736981511768727,7
20151030,0.14686023683319016,3.289333662751984,8
20151030,0.09040966265820627,3.4556519661470473,9
20151030,0.12810829610444352,3.6741470431613745,10
20151130,0.029572917041701396,2.451825883663521,1
20151130,0.04249194465320727,2.3393525516446307,2
20151130,0.06044770138730238,2.629303683827663,3
20151130,0.04604022054671075,2.832407614224352,4
20151130,0.05153342829957297,2.8050791365677976,5
20151130,0.04824576713838091,2.7703855486499296,6
20151130,0.06152330502261916,3.36895455058145,7
20151130,0.07230589746898897,3.527171885312223,8
20151130,0.07460412007346506,3.7134578403615874,9
20151130,0.05750636353223593,3.885433878696302,10
20151231,-0.28381361892381984,1.7559643066498845,1
20151231,-0.2932132197718761,1.6534234577953546,2
20151231,-0.29140490884212367,1.863111683523603,3
20151231,-0.287140996018421,2.019107270745812,4
20151231,-0.2956533505554121,1.975748091268446,5
20151231,-0.27515402109844844,2.0081028249458703,6
20151231,-0.28726230271811437,2.4011809086287528,7
20151231,-0.30172267655345786,2.462944143411713,8
20151231,-0.2689691441208609,2.7146522633106307,9
20151231,-0.2675287417023705,2.845968642160919,10
20160129,-0.02546187204860173,1.7112541681520534,1
20160129,-0.05739130346346899,1.5585313303754031,2
20160129,-0.026233825060782645,1.8142351375493446,3
20160129,-0.038334748807067665,1.9417053007072473,4
20160129,-0.03472603376198491,1.9071381963458807,5
20160129,-0.04961458123961737,1.9084716442000884,6
20160129,-0.03430443787082438,2.318809747332088,7
20160129,-0.04116852692952566,2.3615483611177503,8
20160129,-0.031806013109086595,2.628309997837161,9
20160129,-0.02199108444783693,2.7833827054152627,10
20160229,0.17816991749968647,2.0161481821126994,1
20160229,0.17959551097248294,1.8384365610207973,2
20160229,0.1783404062931444,2.1377865690911935,3
20160229,0.16351700495007293,2.2592071359745773,4
20160229,0.17034842007164808,2.232016174951694,5
20160229,0.17536923165301177,2.243158850075018,6
20160229,0.18660195809160562,2.751504186626157,7
20160229,0.19326568298438196,2.8179546180298205,8
20160229,0.19005626653356722,3.12783678331894,9
20160229,0.163992907870391,3.239837728992468,10
20160331,-0.01517529670617479,1.9855525352455243,1
20160331,-0.011809535949432903,1.8167254783626705,2
20160331,-0.020505594016341777,2.0939499856118213,3
20160331,-0.007503658647792677,2.242254816811567,4
20160331,-0.009470927354002345,2.210876911905768,5
20160331,-0.004578998656832867,2.232887428713462,6
20160331,-0.005444674494478385,2.736523141959783,7
20160331,0.008485901611817503,2.8418675036649885,8
20160331,-0.0004771287602064467,3.126344402432387,9
20160331,-0.004665943457834443,3.2247208293364302,10
20160429,-0.021683741259977962,1.9424983278131671,1
20160429,-0.0006303048991349591,1.8155803873932752,2
20160429,0.001998162553514149,2.0981340380620024,3
20160429,0.010745222776451291,2.2663483443397783,4
20160429,-0.006523485733501699,2.1964542879124225,5
20160429,0.006776790271094901,2.248019238516817,6
20160429,0.007815855286284812,2.75791141082491,7
20160429,0.004941713417758509,2.8559111984393417,8
20160429,0.01230590778932572,3.1648169083663946,9
20160429,0.007148960732319631,3.24777423191805,10
20160531,0.055603584541115136,2.0505081978047013,1
20160531,0.055681241676765136,1.9166741577273152,2
20160531,0.04160331798203032,2.185423375616417,3
20160531,0.05096040246080258,2.381842368083707,4
20160531,0.07423673931832275,2.3595118923087894,5
20160531,0.06282440877813511,2.38924971809851,6
20160531,0.043837033108897305,2.8788100646526473,7
20160531,0.07957321492028013,3.0831652340259903,8
20160531,0.06783096421316515,3.3794894908190156,9
20160531,0.07208436353896142,3.4818879703441015,10
20160630,-0.02474703894760888,1.999764191571237,1
20160630,-0.031125136446408352,1.8570174130447477,2
20160630,-0.020894942640788616,2.1397590795370736,3
20160630,-0.019935927139051346,2.3343581321768845,4
20160630,-0.017643197194983973,2.3178825587088756,5
20160630,-0.031369506466504826,2.314300133616524,6
20160630,-0.0025923062207038328,2.8713473074138234,7
20160630,-0.01770327300197516,3.0285831181778295,8
20160630,-0.00421942202428216,3.3652299984306238,9
20160630,0.005562698147644651,3.5012566621070405,10
20160729,0.053281908752555784,2.106315444753164,1
20160729,0.044677861234955873,1.9399849793356576,2
20160729,0.04532833287383964,2.236750791364151,3
20160729,0.04365350122637013,2.4362610377626552,4
20160729,0.029686793432907477,2.386693059431005,5
20160729,0.050151973135351025,2.430366851744799,6
20160729,0.0395339363740399,2.9848629691728923,7
20160729,0.053306983863828705,3.190027749588799,8
20160729,0.03894134151720241,3.496276569083445,9
20160729,0.04899917730958969,3.672815358100005,10
20160831,0.0012082882159893948,2.1088604808842155,1
20160831,-0.013798870594891266,1.913215377649772,2
20160831,-0.016107731560425775,2.2007218100492874,3
20160831,-0.017382979951594324,2.3939115609863766,4
20160831,-0.003720534408341636,2.377813285781242,5
20160831,-0.0017212211494261886,2.4261836529187115,6
20160831,-0.011641721735572652,2.9501140250669664,7
20160831,-0.01061293515355688,3.1561721919443664,8
20160831,0.0075795116456616185,3.5227766380552668,9
20160831,-0.006991293844011204,3.647137626696731,10
20160930,0.04152481010876019,2.1964305118988015,1
20160930,0.017764131929705274,1.9472019880282836,2
20160930,0.013028138445207782,2.2293931184699978,3
20160930,0.022347957721394085,2.4474105953400564,4
20160930,0.016733149806262393,2.4176015917035407,5
20160930,0.016711522988937633,2.466728876809847,6
20160930,0.027785903150700175,3.032085607650999,7
20160930,0.02689601697968169,3.2410606528097015,8
20160930,0.02913476063246545,3.6254118921666487,9
20160930,0.03402698542394811,3.7712387255594733,10
20161031,0.026986581354929706,2.255704662598608,1
20161031,0.03528361851133832,2.0159063201383933,2
20161031,0.030065874517962277,2.2964217722211253,3
20161031,0.01690283941164461,2.488778783607447,4
20161031,0.016359138137472584,2.4571514701035926,5
20161031,0.03421188642977291,2.551120324996307,6
20161031,0.013357496087474718,3.0725866792920855,7
20161031,0.013473890227013507,3.284730348264752,8
20161031,0.02922498880506752,3.7313645141289773,9
20161031,0.023724468675935917,3.8607093605734852,10
20161130,-0.03929247667671476,2.1670724397538956,1
20161130,-0.06124445339412243,1.8924432394677606,2
20161130,-0.052579637306540694,2.175676748334895,3
20161130,-0.067442413935213,2.3209295346902175,4
20161130,-0.06333328596670174,2.30153199338402,5
20161130,-0.0625913607585652,2.391442232395955,6
20161130,-0.0636301384322282,2.87707756354371,7
20161130,-0.06765498497825773,3.062501965895273,8
20161130,-0.053756632080559696,3.5307789247844896,9
20161130,-0.05619134367069012,3.64377091408085,10
20161230,-0.018447543768432606,2.1270952760721715,1
20161230,-0.022507260567124043,1.8498495263685675,2
20161230,-0.02797282517145383,2.114816923024126,3
20161230,-0.03153388221214992,2.2477416161205963,4
20161230,-0.03653708415151602,2.2174407252643418,5
20161230,-0.021455269933295606,2.3401331937700167,6
20161230,-0.03336613703597291,2.7810805992953873,7
20161230,-0.025491898402039248,2.984432976924625,8
20161230,-0.028057334072806417,3.431714680954587,9
20161230,-0.004301286867606446,3.628098010099548,10
20170126,0.02506953131280243,2.1804205577009768,1
20170126,0.03357705455581472,1.9119620248354927,2
20170126,0.03801786241427796,2.1952177418350436,3
20170126,0.040803158933590655,2.339456574524811,4
20170126,0.03498843983815236,2.2950255166749223,5
20170126,0.03297457695697936,2.4172980958575683,6
20170126,0.03710868643606391,2.884282847208061,7
20170126,0.04452368872635715,3.117310941813893,8
20170126,0.03320770432984643,3.54567404742412,9
20170126,0.03898915372923617,3.769554481160055,10
20170228,-0.01959930424969314,2.1376858317983096,1
20170228,-0.019500300079735244,1.8746781916101425,2
20170228,-0.012787382542503,2.1671466528061094,3
20170228,-0.016457311531334007,2.3009554088638287,4
20170228,-0.0027382427995860104,2.288741179579021,5
20170228,-0.01359540853907415,2.3844339406836585,6
20170228,0.009593522951580669,2.911953280901602,7
20170228,0.010167438029358378,3.149006007633026,8
20170228,-0.007535468361474673,3.518955732819654,9
20170228,-0.0028796980217846713,3.758699302577649,10
20170331,-0.05644041196368299,2.0170339628026848,1
20170331,-0.0774297191375638,1.7295223857604531,2
20170331,-0.056241327424549015,2.0452634483286256,3
20170331,-0.04584567648027915,2.1954665515935092,4
20170331,-0.04903307063117257,2.1765171716642495,5
20170331,-0.038139098314414865,2.2934937801956967,6
20170331,-0.04638496989093355,2.776882415643176,7
20170331,-0.04479348839203379,3.0079510435836716,8
20170331,-0.03633355232842317,3.391099570559846,9
20170331,-0.0392274047500355,3.6112552837017597,10
20170428,-0.08379755666670241,1.8480114450060634,1
20170428,-0.08389716851367979,1.584420354714127,2
20170428,-0.06105243373489777,1.9203951371791337,3
20170428,-0.0555249385891976,2.073563406141642,4
20170428,-0.051661239893280086,2.064075595927059,5
20170428,-0.06160801047049003,2.1521961913713965,6
20170428,-0.05795179040350906,2.615957107916633,7
20170428,-0.07319307003682951,2.7877898721832977,8
20170428,-0.06276527047748703,3.1782562887975674,9
20170428,-0.0811484046547265,3.31820767862841,10
20170531,0.03620337174173982,1.914915690332608,1
20170531,0.03741541225602041,1.643702095472586,2
20170531,0.022810444197421065,1.964200203292757,3
20170531,0.03655434870534924,2.1493611659523952,4
20170531,0.030792214574519194,2.127633054574874,5
20170531,0.0504596836292559,2.260795330296087,6
20170531,0.041799650395563104,2.7253032004773363,7
20170531,0.051626164893453064,2.931712771812931,8
20170531,0.05308734587009978,3.3469814796647834,9
20170531,0.05842055843188754,3.512059224206859,10
20170630,-0.02784050375840208,1.8616034728588797,1
20170630,-0.01890268745664636,1.612631708490033,2
20170630,-0.018774704696384092,1.927322924511358,3
20170630,-0.01665513355899051,2.1135632686669505,4
20170630,-0.02428022408151731,2.0759736472465526,5
20170630,-0.00768378608588316,2.243423862594128,6
20170630,-0.011500476878101518,2.6939609140344305,7
20170630,-0.006339948170365206,2.9131258647892393,8
20170630,-0.018777374969942806,3.2841339534036638,9
20170630,-0.0008728516105468431,3.5089937176566743,10
20170731,0.03516884921646679,1.9270739246967046,1
20170731,0.04182618400044347,1.6800819390542865,2
20170731,0.03261289315970406,1.9901785011326951,3
20170731,0.04091364330179337,2.2000368423369627,4
20170731,0.042945419541505325,2.165127206484665,5
20170731,0.03552091525974599,2.323112331509026,6
20170731,0.024744250342915386,2.7606209573053277,7
20170731,0.03604141340391065,3.0181190383797327,8
20170731,0.04587887130836932,3.434806312411317,9
20170731,0.04321719500249044,3.660642583415157,10
20170831,0.028568825374476692,1.9821281631350722,1
20170831,0.02641416590368406,1.7244599021242495,2
20170831,0.0357143178538033,2.061256368707954,3
20170831,0.02076628262446234,2.245723429189162,4
20170831,0.03636586433643463,2.24386392874681,5
20170831,0.03654048526283615,2.4079999834224446,6
20170831,0.022904708730729695,2.8238521762483546,7
20170831,0.021211963138439538,3.082139268169266,8
20170831,0.04466669390094191,3.5882277545768164,9
20170831,0.04879717164261432,3.8392715878803294,10
20170929,-0.03499029611094706,1.9127729117771284,1
20170929,-0.04371007679964256,1.6490836273644944,2
20170929,-0.02919048073424535,2.001087304388844,3
20170929,-0.03357118844369722,2.1703318247554266,4
20170929,-0.022086529871413685,2.1943047610571558,5
20170929,-0.02784720175612576,2.3409439220553323,6
20170929,-0.0049931501219806496,2.809752258410065,7
20170929,-0.02811123336986543,2.9954965319233335,8
20170929,-0.020590843615480248,3.5143431180255993,9
20170929,-0.02315625317495451,3.7503684429839628,10
20171031,-0.0757896341750588,1.7678045525335777,1
20171031,-0.0690607953319633,1.5351966004897835,2
20171031,-0.06913425724112976,1.8627436199252667,3
20171031,-0.06553819706390451,2.028092189930542,4
20171031,-0.06431541687076281,2.0531771356082653,5
20171031,-0.05228366462238654,2.218550795134777,6
20171031,-0.07118896718407675,2.6097288970907253,7
20171031,-0.05721385659040157,2.8241126229288267,8
20171031,-0.06022853060278577,3.302679395992905,9
20171031,-0.07404937889768348,3.472655989143528,10
20171130,-0.01939765643998692,1.7335132871704866,1
20171130,-0.010678438099641419,1.5188030986206733,2
20171130,-0.004012443562103729,1.8552694662796478,3
20171130,-0.007692868504972861,2.012490343397444,4
20171130,-0.0009033881499598273,2.0513223197141883,5
20171130,-0.00983259368013134,2.1967366866074847,6
20171130,-0.007903530516922164,2.589102825111675,7
20171130,-0.010664316152392939,2.79399539306795,8
20171130,-0.012946671714469282,3.259920690074843,9
20171130,-0.014105486282547819,3.4236724877246565,10
20171229,-0.03656298779773681,1.6701308620044575,1
20171229,-0.03613353573636224,1.4639233725801655,2
20171229,-0.04908463626070225,1.764204239361724,3
20171229,-0.04831538750085507,1.9152560926144675,4
20171229,-0.046809449238608414,1.9553010517175025,5
20171229,-0.0516677372317389,2.0832362727165283,6
20171229,-0.02326232440294007,2.5288742752813587,7
20171229,-0.018358876417908454,2.74270077693441,8
20171229,-0.03305531775681214,3.152162975802413,9
20171229,-0.010279489712361145,3.388478881608597,10
20180131,-0.0391210089625007,1.604793657583432,1
20180131,-0.04524030272710222,1.3976950360353584,2
20180131,-0.03369347369230036,1.704762070234945,3
20180131,-0.031086774726822863,1.8557169579191866,4
20180131,-0.026552034961799698,1.9033838298314556,5
20180131,-0.02582936493509258,2.029427602782511,6
20180131,-0.027627285276139668,2.4590083442506696,7
20180131,-0.03946304857871774,2.63446544293736,8
20180131,-0.02078634922904843,3.0866410153605073,9
20180131,-0.028402492423340697,3.2922376358470586,10
20180228,0.04669998526344599,1.6797374977434498,1
20180228,0.06037726438111668,1.4820840387502396,2
20180228,0.08144667724514387,1.843609276349134,3
20180228,0.08193875123656658,2.007772088099605,4
20180228,0.05267965394111185,2.003653431304085,5
20180228,0.06212631553128056,2.1555084623808676,6
20180228,0.060392752215239875,2.6075146258802073,7
20180228,0.06096914563054412,2.795086550186444,8
20180228,0.05677150723910529,3.2618742781085657,9
20180228,0.04313876883275003,3.4342607141623445,10
20180330,-0.04228831759368579,1.6087042249648518,1
20180330,-0.038408450195975274,1.4251594877616511,2
20180330,-0.025023680806750992,1.7974753862854083,3
20180330,-0.03170302502330491,1.9441196393494902,4
20180330,-0.03610909096442727,1.9313033272919389,5
20180330,-0.03367949158017425,2.082912033271117,6
20180330,-0.039955426478126777,2.5033302669552104,7
20180330,-0.052160491803043496,2.6492934610966468,8
20180330,-0.05163218966876282,3.0934565667056053,9
20180330,-0.0557245615426295,3.24288804164257,10
20180427,-0.046020573033711876,1.534670734690216,1
20180427,0.007556724343275034,1.435929025155869,2
20180427,-0.019412705627856353,1.7625815257381323,3
20180427,-0.007623497627046394,1.929298647892215,4
20180427,-0.007107666549287406,1.9175762672360186,5
20180427,0.006759031726692344,2.0969905017879054,6
20180427,0.021582293796374774,2.557357876245995,7
20180427,-0.00581569011586669,2.6338859913009167,8
20180427,0.002119978142128831,3.100014627010646,9
20180427,-0.02738579385430684,3.1540789782415497,10
20180531,-0.10053840163623062,1.3803773919865618,1
20180531,-0.08386071246757276,1.3155109940534306,2
20180531,-0.09860270927503423,1.588786211982229,3
20180531,-0.10776814402088442,1.7213817133468692,4
20180531,-0.0774938953188522,1.7689758127169153,5
20180531,-0.08462160297384091,1.9195398041056937,6
20180531,-0.0807266705232802,2.350910889560169,7
20180531,-0.09048338392792821,2.395563073927644,8
20180531,-0.08488389259126539,2.8368733183801225,9
20180531,-0.0932226235212611,2.860047461096614,10
20180629,-0.0008835839850899196,1.3791577126296224,1
20180629,-0.022890131914879652,1.285398773864073,2
20180629,-0.013442745248856802,1.5674285636796557,3
20180629,0.00039587034425947465,1.7220631573183336,4
20180629,-0.0032180750907156996,1.7632831157179325,5
20180629,-0.016851730353876104,1.8871922369233725,6
20180629,-0.0010272368628710948,2.3484959472330877,7
20180629,0.008789225138910561,2.416618217118855,8
20180629,0.009082064485354646,2.8626379847944325,9
20180629,-0.004964340393866062,2.845849211957118,10
20180731,-0.09039225399275486,1.2544925383735388,1
20180731,-0.07389699554036766,1.1904116664042457,2
20180731,-0.07173982792852363,1.4549815082310242,3
20180731,-0.07828733347570804,1.5872474246551225,4
20180731,-0.07474728072882264,1.6314824976629712,5
20180731,-0.08343602557163554,1.7297324171848418,6
20180731,-0.08255431100135735,2.15461748241978,7
20180731,-0.09164392870664861,2.1951498295180265,8
20180731,-0.08959207535756053,2.6061683067393147,9
20180731,-0.12004365428398545,2.5042230730125854,10
20180831,-0.024217464232816455,1.2241119101951425,1
20180831,-0.025700632853112304,1.1598173332219286,2
20180831,-0.02543404787735526,1.4179754388900099,3
20180831,-0.024851701241395574,1.547801625861419,4
20180831,-0.02412386872907124,1.5921248280555724,5
20180831,-0.03349658053730464,1.6717922959646232,6
20180831,-0.02413593203132358,2.1026137813105947,7
20180831,-0.03038479048096543,2.1284506618737944,8
20180831,-0.03192495229696335,2.522966507868804,9
20180831,-0.014129316626310784,2.4688401123110775,10
20180928,-0.08794273743700687,1.1164601578833382,1
20180928,-0.0997030699481205,1.04417998452066,2
20180928,-0.08621438999932929,1.2957255513920765,3
20180928,-0.08406261199438281,1.4176893783423556,4
20180928,-0.06985603410858843,1.480905301761792,5
20180928,-0.0806480579339145,1.5369654940261963,6
20180928,-0.08409811478483431,1.9257879261817619,7
20180928,-0.07474341725430622,1.9693629859481572,8
20180928,-0.0871674304977087,2.3030460001461033,9
20180928,-0.09068811010975708,2.2449456683624254,10
20181031,0.05770178540244464,1.180881902323902,1
20181031,0.043775973263557866,1.0898899796053787,2
20181031,0.06514885768581236,1.3801405909395896,3
20181031,0.04349884557919115,1.4793572296901294,4
20181031,0.06159453899037892,1.5721209811122174,5
20181031,0.05914693505427926,1.6278722922820321,6
20181031,0.054859236848057824,2.0314351821432974,7
20181031,0.0608576415278097,2.089213772585127,8
20181031,0.0776259215058055,2.481822068177704,9
20181031,0.07527145535861646,2.413925996021087,10
20181130,-0.06869164392532334,1.0997651831716102,1
20181130,-0.05939634033725116,1.0251545034465779,2
20181130,-0.05184570348725148,1.3085862310910157,3
20181130,-0.04896109496543388,1.4069262798794697,4
20181130,-0.06529675373318578,1.4694665845697585,5
20181130,-0.06303021651438978,1.5252671492417196,6
20181130,-0.05733718832586032,1.9149584005329687,7
20181130,-0.060974491325824665,1.9618250255308418,8
20181130,-0.06829800498123328,2.3123185722027686,9
20181130,-0.06653553041457172,2.2533141494943005,10
20181228,-0.009803483555381964,1.0889836532836057,1
20181228,-0.00994525338522445,1.0149590821507977,2
20181228,0.005109083643694667,1.3152719076006467,3
20181228,-0.013633892901314004,1.387744397659549,4
20181228,0.00678500533142623,1.479436923180417,5
20181228,0.009061792508246791,1.5390888036677932,6
20181228,0.004911058703870097,1.9243628736534555,7
20181228,0.013628265566778097,1.9885612979743272,8
20181228,-0.00577713192971685,2.2989600027476187,9
20181228,0.00618047790548748,2.2672407078093726,10
20190131,0.21046230233722096,1.3181736601612712,1
20190131,0.18732680927764433,1.205088128557473,2
20190131,0.18915412720360214,1.5640610173182639,3
20190131,0.1879505093954994,1.6485716641104118,4
20190131,0.20093483788665867,1.7767073415032113,5
20190131,0.1928786026968674,1.8359461015456304,6
20190131,0.20188276705260755,2.3128585753999227,7
20190131,0.18669205271928235,2.359809888651275,8
20190131,0.21322798731374348,2.7891626170482917,9
20190131,0.22821340227926235,2.7846554235245926,10
20190228,0.10552579615222313,1.4572749851166795,1
20190228,0.0935003077452865,1.3177642394377882,2
20190228,0.09846626357184673,1.718068261691975,3
20190228,0.0856888472599091,1.7898358696333831,4
20190228,0.10957698734951693,1.9713935793869026,5
20190228,0.0925400814501407,2.005844703320731,6
20190228,0.11021549792107121,2.5677714349086447,7
20190228,0.10368355126438988,2.6044833582154636,8
20190228,0.10874276004993089,3.092463858254211,9
20190228,0.10308427969844991,3.0717096220670075,10
20190329,-0.07482104089325003,1.3482401538625541,1
20190329,-0.07733626489980938,1.2158532751411315,2
20190329,-0.07607530857527289,1.5873656885303753,3
20190329,-0.07451737555847715,1.6564619979478787,4
20190329,-0.07022897391462268,1.8329446311246853,5
20190329,-0.06958882216879592,1.8662603329631235,6
20190329,-0.06918431060095376,2.3901219384036683,7
20190329,-0.07088501608928555,2.419864513464084,8
20190329,-0.09194917513099155,2.808114357365333,9
20190329,-0.05425837947656453,2.905043635751081,10
20190430,-0.00079971377835375,1.3471619476349805,1
20190430,-0.01980225332181551,1.1917766405846277,2
20190430,0.0026504567456266948,1.591572932627317,3
20190430,-0.00937263076528172,1.6409365912643925,4
20190430,-0.031224535295720557,1.7757117867950312,5
20190430,-0.025294190577663023,1.8190547884336215,6
20190430,-0.046817392445967054,2.2782226616197083,7
20190430,-0.038405709851891734,2.3269278990790934,8
20190430,-0.04960652526429066,2.6688135615516724,9
20190430,-0.048076081030878015,2.7653805225204757,10
20190531,0.021148884281365632,1.375652919773772,1
20190531,0.015149053731150275,1.209830928948374,2
20190531,0.030702940951553348,1.640438902397864,3
20190531,0.018236720125267336,1.6708618926225913,4
20190531,0.04305097955390891,1.8521579186219792,5
20190531,0.03880450184112716,1.889642303320505,6
20190531,0.05503564851291087,2.403606123258759,7
20190531,0.0434441412472224,2.428019283398788,8
20190531,0.031297513046078196,2.7523407888118863,9
20190531,0.02707209202744587,2.8402451585170563,10
20190628,-0.04856471489366865,1.3088447279323159,1
20190628,-0.01881953328046615,1.1870624755172927,2
20190628,0.00184535051299628,1.643466087167943,3
20190628,-0.026309841096471942,1.6269017817335405,4
20190628,-0.020025054620175342,1.8150683551363838,5
20190628,-0.023419105161258447,1.8453885715018794,6
20190628,-0.00891508377957606,2.3821777732968052,7
20190628,-0.03179368098361379,2.3508236128803444,8
20190628,-0.01988682617644788,2.697605465966437,9
20190628,-0.018970258245977978,2.786364974378099,10
20190731,0.013589352245382935,1.3266310799747005,1
20190731,0.01833171896380814,1.2088233712109582,2
20190731,0.02098392570905072,1.6779524574464193,3
20190731,0.003695095134552684,1.632913338591619,4
20190731,0.0023377383688913955,1.8193115100723467,5
20190731,0.02139296715387573,1.8848669085981566,6
20190731,-0.00305908183724668,2.3748904965374202,7
20190731,0.0070783789426205335,2.3674636332395718,8
20190731,-0.006215074486438987,2.6808396470604303,9
20190731,-0.019553046848467814,2.731883049497154,10
20190830,0.01094632215202318,1.34115281115299,1
20190830,0.026883042376756094,1.2413202211252354,2
20190830,0.020534332684234657,1.7124080914359532,3
20190830,0.018252310836106123,1.6627177804160171,4
20190830,0.027862826566136922,1.8700026711472693,5
20190830,0.020723826507056398,1.9239285634008367,6
20190830,0.012225502797874377,2.4039247269474835,7
20190830,0.015681986218428312,2.4045901653086648,8
20190830,0.02310852721501888,2.742789903003628,9
20190830,0.02405823770088178,2.7976073412729665,10
20190930,-0.006278468427650896,1.3327324255715107,1
20190930,0.010804828956160861,1.2547324737943173,2
20190930,0.002448211648629517,1.7166004288726142,3
20190930,-0.00690459504596963,1.6512373874665112,4
20190930,0.01276125713005194,1.8938662560676633,5
20190930,0.0011899997211246571,1.9262180378547475,6
20190930,-0.0031831722754137592,2.3962726204044826,7
20190930,-0.014919640819857305,2.368714543723298,8
20190930,-0.023054580272030556,2.679556033015516,9
20190930,0.0017864884543890014,2.8026052344880648,10
20191031,-0.019826336230305386,1.3063092243970995,1
20191031,-0.010305252315514712,1.2418021390633969,2
20191031,-0.01623894156160166,1.6887246548235315,3
20191031,-0.015795451050900078,1.6251553481393677,4
20191031,-0.006720654561031658,1.8811382351758383,5
20191031,-0.012701090196795106,1.9017529688172607,6
20191031,-0.0014455988896905358,2.39280857136503,7
20191031,-0.006233921887156546,2.3539481622847553,8
20191031,-0.004336704574903316,2.667935590108428,9
20191031,-0.006251205094061407,2.7850855743695897,10
20191129,0.09540619449566612,1.430939216331412,1
20191129,0.08038051986325145,1.3416188405686102,2
20191129,0.08929163627543524,1.839513642471394,3
20191129,0.08991450509580767,1.771280386971124,4
20191129,0.08757238028501235,2.045873988075334,5
20191129,0.10471159460523949,2.1008885547273644,6
20191129,0.07627178985477956,2.5753123638828987,7
20191129,0.10055010588626345,2.5906378992532626,8
20191129,0.0968939388665544,2.9264423780762985,9
20191129,0.10146521042906831,3.067674868235963,10
20191231,-0.07017486606608103,1.3305232484766523,1
20191231,-0.05397713449494612,1.2692020999702847,2
20191231,-0.06615818141661056,1.7178147651944415,3
20191231,-0.07427054237618425,1.6397264319304812,4
20191231,-0.05189160135186788,1.9397103106699725,5
20191231,-0.06329594465320221,1.967910829044795,6
20191231,-0.07537049267019003,2.381209802237413,7
20191231,-0.07662675271053687,2.392125729584638,8
20191231,-0.09745188302239338,2.6412550577762324,9
20191231,-0.10613615467406123,2.7420836539311404,10
20200123,0.15535818542086832,1.5372309260202641,1
20200123,0.1555599211512777,1.4666390785666983,2
20200123,0.15772578232807444,1.9887584429294525,3
20200123,0.14365973965480783,1.8752891042467212,4
20200123,0.12972401245776166,2.191337315175773,5
20200123,0.14222618971275414,2.247799287954303,6
20200123,0.13813451198379068,2.7101370562004967,7
20200123,0.13750499314809073,2.721054961640545,8
20200123,0.12364712785161847,2.967838659593824,9
20200123,0.10762775970811456,3.03720797453599,10
20200228,-0.07648408495340742,1.4196572252815252,1
20200228,-0.06340387419693538,1.373648478936946,2
20200228,-0.09833056772750093,1.7932026961633387,3
20200228,-0.08401864218293353,1.717729860007462,4
20200228,-0.0681662984222251,2.0419619618057436,5
20200228,-0.09774383033744605,2.028090775719866,6
20200228,-0.08157165893782015,2.489066680577362,7
20200228,-0.09006620842685031,2.4759798583245125,8
20200228,-0.06461113266743135,2.776083242223276,9
20200228,-0.028514441998398032,2.9506036839090117,10
20200331,0.055660424198487934,1.498675948657143,1
20200331,0.06176967519653065,1.4584982993150897,2
20200331,0.06094463226710234,1.9024887750613897,3
20200331,0.056421592126675746,1.8146469135526146,4
20200331,0.05845276288360557,2.161320280176517,5
20200331,0.06464908008087944,2.1592049786906724,6
20200331,0.06316468712833045,2.646287798697583,7
20200331,0.049675292883630595,2.598974882960753,8
20200331,0.039977931085370066,2.887065306768129,9
20200331,0.011462672000903007,2.9844254861423165,10
20200430,0.03774181311742009,1.5552386962349332,1
20200430,0.053937292515039426,1.5371657487179353,2
20200430,0.06024903445235452,2.017111886815281,3
20200430,0.06473440788073304,1.9321170070140428,4
20200430,0.057489110614101335,2.285572660836085,5
20200430,0.04480614182211551,2.2559506231889044,6
20200430,0.034455946516510405,2.7374681495568005,7
20200430,0.0377778109218998,2.697158464680011,8
20200430,0.018846583893413982,2.9414766252778994,9
20200430,0.017936462933608066,3.0379555232526236,10
20200529,0.05929336188763168,1.6474540270724396,1
20200529,0.10747207637230405,1.7023681434610392,2
20200529,0.07721048678121001,2.172854077488454,3
20200529,0.0760535300354852,2.079061325839057,4
20200529,0.08487282446849442,2.479555668089216,5
20200529,0.08478061082682875,2.4472114950180246,6
20200529,0.08323202798682061,2.9653131751937423,7
20200529,0.07416960814633344,2.8972056511138935,8
20200529,0.08105674700523924,3.1799031519148753,9
20200529,0.07549664925887556,3.2673109858556906,10
20200630,0.14164567907581893,1.8808087714833077,1
20200630,0.11333103359131069,1.8952992847123995,2
20200630,0.12849974135122966,2.452065264439685,3
20200630,0.10151798549557234,2.2901234433599917,4
20200630,0.11044535574143155,2.7534110759320125,5
20200630,0.12133519758108968,2.7441443852887506,6
20200630,0.13121288371884532,3.3544004680403985,7
20200630,0.15268280554310354,3.339559138161297,8
20200630,0.16125235181041342,3.6926700136904955,9
20200630,0.14838060635805173,3.752116571097282,10
20200731,-0.0011567887806466226,1.8786330729979142,1
20200731,0.015739624871603963,1.9251305844731919,2
20200731,0.027215409267180357,2.518799224161248,3
20200731,0.038678813385595534,2.3787027006556904,4
20200731,0.01456209977086842,2.793506522729949,5
20200731,0.02479627213368807,2.812188936240503,6
20200731,0.02502271904346509,3.4383366885114413,7
20200731,0.02859203445739178,3.435043928112102,8
20200731,0.039215772487106726,3.837480920817343,9
20200731,0.03344977771451374,3.8776240363594296,10
20200831,-0.05994491129399293,1.7660185800830928,1
20200831,-0.05743779556676176,1.8145553275229,2
20200831,-0.05682439277108631,2.3756699877360017,3
20200831,-0.058825254967060925,2.238774907798783,4
20200831,-0.063674986416149,2.615630032841696,5
20200831,-0.05121390181208496,2.66816576818285,6
20200831,-0.056594411612637896,3.2437460466989902,7
20200831,-0.0535507358678835,3.251094798023194,8
20200831,-0.07078143896152411,3.565858499254497,9
20200831,-0.05329469909522455,3.6709672301372436,10
20200930,-0.028235611410997397,1.7161539657112652,1
20200930,-0.010370017722709624,1.7957383566176504,2
20200930,-0.016309400027620935,2.336924235572402,3
20200930,-0.02205158636544835,2.1894063695666595,4
20200930,-0.014574852444687036,2.5775076110631363,5
20200930,-0.015298592620156981,2.6273465870523722,6
20200930,-0.01919206404123186,3.1814918648372505,7
20200930,-0.019407772576036098,3.1879982895600256,8
20200930,-0.012178545490356352,3.522431529309152,9
20200930,-0.013349913496062071,3.621960135168033,10
20201030,0.017899306639880264,1.7468719317847776,1
20201030,0.013978918252905315,1.820840836308415,2
20201030,-0.005476099650479793,2.324127005582786,3
20201030,0.010775226764259571,2.2129977196778543,4
20201030,0.027019062700453622,2.6471494508173476,5
20201030,0.022584805187123358,2.6866846978800036,6
20201030,0.014994618945259441,3.229197123027928,7
20201030,0.024243970925102776,3.2652880274013962,8
20201030,0.048220937217560156,3.6922864789371235,9
20201030,0.07471154818748937,3.8925623843398047,10
20201130,-0.0067022755329662065,1.7351639147771512,1
20201130,0.06511339681323114,1.9394019682167005,2
20201130,0.0145421957671239,2.3579249154856305,3
20201130,0.014292312307481847,2.2446265742232354,4
20201130,0.003988386223795937,2.6577073052193163,5
20201130,0.0033416140764159774,2.695662561285331,6
20201130,0.009083718905334104,3.2585302419834274,7
20201130,-0.020560641272336477,3.198151611619141,8
20201130,-0.011719885231097571,3.649013305163647,9
20201130,-0.013595506618873321,3.8396410266791356,10
20201231,-0.017513976716218682,1.7047742943749213,1
20201231,0.000945221677456809,1.9412351329983613,2
20201231,-0.03465809117441665,2.276203738782301,3
20201231,-0.030070133157583445,2.1771303542472924,4
20201231,-0.02623530353240766,2.5879815473665904,5
20201231,-0.03482166636142636,2.601795098953265,6
20201231,-0.04496115474014306,3.1120229595481748,7
20201231,-0.02872063899459587,3.1062986537318427,8
20201231,-0.034347701011014364,3.5236780871726725,9
20201231,-0.012767567358740184,3.7906181512376276,10
20210129,0.006757215888649748,1.7162938223234332,1
20210129,-0.01677483323506357,1.9086712373722674,2
20210129,0.006811887526758653,2.2917089826388737,3
20210129,0.021464913271712627,2.2238622684824234,4
20210129,0.01793607307097811,2.634399773506501,5
20210129,0.02042214423988553,2.654929333746716,6
20210129,0.021870590045211857,3.18008473790774,7
20210129,0.04797809504625494,3.2553329457826425,8
20210129,0.052216764335123234,3.707673155443406,9
20210129,0.08754609121305457,4.122471953659737,10
20210226,-0.0074684813037455555,1.7034757139996766,1
20210226,-0.016363273219157426,1.8774391284295977,2
20210226,-0.02155269182684172,2.242316485179253,3
20210226,-0.00053031662862002,2.2226829173416864,4
20210226,-0.027781452479168522,2.5612123213876976,5
20210226,-0.00394466738138366,2.644456520604007,6
20210226,-0.023726264563499244,3.104633206081795,7
20210226,-0.017012309994053676,3.1999522125751323,8
20210226,-0.004353877127100447,3.6915304020971567,9
20210226,0.021679836232487704,4.211846470488104,10
20210331,0.0217572523307481,1.7405386649484687,1
20210331,0.0408581298965327,1.9541477802118072,2
20210331,0.03391839671496921,2.3183722652840784,3
20210331,0.024729223533622946,2.2776481400489943,4
20210331,0.010402201942834699,2.5878545691732486,5
20210331,0.017148478035372117,2.6898049251630813,6
20210331,0.049210233287583005,3.2574129304254567,7
20210331,-0.011508302704798745,3.163126193871927,8
20210331,0.012475097344905706,3.7375826032149972,9
20210331,-0.013033254132281513,4.156952405072079,10
20210430,0.06666398561538767,1.8565699094716193,1
20210430,0.051709158775658404,2.05519511804988,2
20210430,0.06974307247210976,2.480062670199115,3
20210430,0.04672406551686059,2.384069120968999,4
20210430,0.06250697935569138,2.7496135413040923,5
20210430,0.06901046766093155,2.875429620965263,6
20210430,0.03847132880870774,3.3827299343375907,7
20210430,0.061233020022128715,3.3568139634338063,8
20210430,0.03893324999792913,3.883098841093877,9
20210430,0.024504464306100537,4.258816296904327,10
20210531,0.06873704036245298,1.9841850302746855,1
20210531,0.03129375152885272,2.119509883417444,2
20210531,0.04383308189291557,2.588771460321516,3
20210531,0.04287661866959236,2.4862899435507373,4
20210531,0.03841963436060958,2.855252688193976,5
20210531,0.03534665761824951,2.977066447282895,6
20210531,0.06046774483868078,3.5872759848652835,7
20210531,0.01069315582341468,3.392708898215018,8
20210531,0.012938056223873451,3.9333385922228077,9
20210531,-0.005092730776130261,4.237127292079197,10
20210630,0.04383744703813175,2.071166636453206,1
20210630,-0.008873864227528783,2.1007016404830923,2
20210630,0.006991975704251141,2.606872087475943,3
20210630,0.03109046839454299,2.5635898624603715,4
20210630,0.029284913872068774,2.9388685172507296,5
20210630,-0.03544376986136599,2.8715479892634055,6
20210630,-0.00042022212213710386,3.585768532138232,7
20210630,0.0028840340875440074,3.402493586326584,8
20210630,-0.0049642918924382995,3.9138123513392213,9
20210630,-0.033692508653115794,4.094367844126466,10
20210730,0.04503577753325927,2.1644432363268216,1
20210730,0.02806248214108087,2.1596525427528883,2
20210730,0.03864827040823826,2.7076231848324017,3
20210730,0.0686541924548274,2.7395910542529704,4
20210730,0.047263149158489615,3.07776869833874,5
20210730,0.06283107752116379,3.0519704435825568,6
20210730,0.053925578199417235,3.779133173523062,7
20210730,0.0632355099448505,3.6176520033420285,8
20210730,0.06676797572172521,4.1751296793928265,9
20210730,0.054898986846247055,4.319144490544861,10
20210831,-0.000405912286904786,2.1635646622228886,1
20210831,-0.03483600963211653,2.0844188659715237,2
20210831,-0.03927855242159528,2.6012716656290356,3
20210831,-0.035247293511287414,2.6430278842628185,4
20210831,-0.028409975789154163,2.99032936413432,5
20210831,-0.015971358957702964,3.0032263280998,6
20210831,-0.018835473215063514,3.7079514118570103,7
20210831,-0.004239811458120024,3.6023138409267683,8
20210831,0.008357286506230022,4.210022434324177,9
20210831,0.01783993748764945,4.396197758256307,10
20210930,-0.03394875972256406,2.090114325360853,1
20210930,-0.007904723732665486,2.067942110692863,2
20210930,-0.002266716374196398,2.595375320550821,3
20210930,0.0024599207242193,2.6495295233300062,4
20210930,-0.018480206445388392,2.9350674601454108,5
20210930,-0.012993342471557257,2.964204379899202,6
20210930,0.007902677295224203,3.737254155291287,7
20210930,-0.02419930142716442,3.515140362454935,8
20210930,-0.03276513013077964,4.072080501410044,9
20210930,-0.03954783897690839,4.222337637202141,10
20211029,0.0898907769748245,2.2779963260337515,1
20211029,0.09813478948441934,2.2708791743916725,2
20211029,0.07550683231129907,2.791343889664536,3
20211029,0.11067280720300299,2.942760393444172,4
20211029,0.11548163836175185,3.2740138591452688,5
20211029,0.09849086971870014,3.256151447299455,6
20211029,0.10830586175555679,4.142020687179645,7
20211029,0.09746462208580708,3.857742189460172,8
20211029,0.10231727041696592,4.488724663232469,9
20211029,0.07250544401599535,4.5284801023729315,10
20211130,0.011308290081438077,2.3037565692929913,1
20211130,-0.00820953715857764,2.252236307426864,2
20211130,0.023552704925101864,2.857087588642291,3
20211130,-0.0012453155270779614,2.939095728233746,4
20211130,0.0045190217469561755,3.288809198974582,5
20211130,0.011617101813147013,3.2939784901817584,6
20211130,-0.00863081537848176,4.106271671334746,7
20211130,0.011131245883939211,3.9006836663278994,8
20211130,0.04160716608206472,4.675487775792242,9
20211130,0.06841489044284454,4.838295572449377,10
20211231,-0.11743480709531362,2.0332153609835073,1
20211231,-0.11206674082035883,1.9998355248962554,2
20211231,-0.12126602684021615,2.5106199284331465,3
20211231,-0.10998816428686542,2.6158299844219486,4
20211231,-0.10391369157152985,2.947056894234727,5
20211231,-0.10112918484537703,2.9608611305714714,6
20211231,-0.10886728985903082,3.659233003051619,7
20211231,-0.07686846074190268,3.6008441170561922,8
20211231,-0.08032302108160083,4.299938472610515,9
20211231,-0.05502698646224491,4.572058747483866,10
20220128,0.01164998178720933,2.0569022829084393,1
20220128,0.019283851000976293,2.038400055184814,2
20220128,0.015172940031750182,2.5487134140497796,3
20220128,0.013900316314303884,2.6521908486298544,4
20220128,0.02663892313005678,3.02556331630015,5
20220128,0.007977811606453944,2.984482322864043,6
20220128,0.015939690213874647,3.7175600435406477,7
20220128,0.04115648741518996,3.7490422126438765,8
20220128,0.02626334725737367,4.412869249902026,9
20220128,0.03040329856560242,4.711064414643093,10
20220228,-0.09831884755918807,1.8546700209110185,1
20220228,-0.11466369692900635,1.8046695690370325,2
20220228,-0.1173395161463624,2.249648615249435,3
20220228,-0.12840056239622022,2.3116480520836724,4
20220228,-0.11029341177276575,2.691863615610883,5
20220228,-0.11658350611711221,2.6365409097200097,6
20220228,-0.1173521096968746,3.281296529506348,7
20220228,-0.11648552333490603,3.3123330684994006,8
20220228,-0.08734227652461068,4.027439203610132,9
20220228,-0.06362987874551218,4.4112999571770555,10
20220331,-0.1304604324808264,1.6127089678737436,1
20220331,-0.13457345186990555,1.5618089556471442,2
20220331,-0.11775300663831001,1.9847457269241033,3
20220331,-0.13194469000689724,2.0066383664464444,4
20220331,-0.15072960658010404,2.286120071862558,5
20220331,-0.1420944850908954,2.261902986732264,6
20220331,-0.1291769712331533,2.8574285821068606,7
20220331,-0.1299772040107967,2.8818052775033456,8
20220331,-0.11977600511016673,3.5450486249776385,9
20220331,-0.12152442789080686,3.8752192536263728,10
20220429,0.10873356722294414,1.7880645668430881,1
20220429,0.11893275706050055,1.7475592007440401,2
20220429,0.10051481172052124,2.1842420699789886,3
20220429,0.12413660708998986,2.2557356449137056,4
20220429,0.10955968662177318,2.5365866705155655,5
20220429,0.11403523318262021,2.5198396212607426,6
20220429,0.10960969756735928,3.170630464811922,7
20220429,0.10406002725365493,3.1816860132200704,8
20220429,0.11406212205277688,3.9494043939228667,9
20220429,0.08385788369551528,4.200186939091594,10
20220531,0.12342549272238523,2.0087573170251347,1
20220531,0.12082815362178434,1.9587135523147037,2
20220531,0.11946285839064097,2.445177871075769,3
20220531,0.1306742191195549,2.5505021388529494,4
20220531,0.1056559268322983,2.8045920861793414,5
20220531,0.1174018571567732,2.8156734725339736,6
20220531,0.08981833023438157,3.45541119895159,7
20220531,0.1118401760678327,3.5375263371311636,8
20220531,0.10604589968024913,4.368222536077546,9
20220531,0.0922652820867167,4.587718371843823,10
20220630,0.004870064155452214,2.0185400940317813,1
20220630,0.007796114593472625,1.9739839076243368,2
20220630,0.010859493793114572,2.4717312649897774,3
20220630,0.022767560044866908,2.6085708494438453,4
20220630,0.004841151393644161,2.818169541065952,5
20220630,0.04056531373861505,2.92989215033281,6
20220630,0.017831307868566126,3.517025699852587,7
20220630,0.018872539860932847,3.6042884439377714,8
20220630,-0.018754189066756077,4.286300064750283,9
20220630,-0.0073576001838401295,4.553963774307738,10
20220729,-0.033429713535858774,1.9510608769276534,1
20220729,-0.035402869389217884,1.9040992131662946,2
20220729,-0.029822331411514802,2.3980184760450496,3
20220729,-0.023935596509595092,2.5461331501248656,4
20220729,-0.04300625702407146,2.6969706174454604,5
20220729,-0.044667801766485216,2.799020308564563,6
20220729,-0.048364311161590234,3.3469271745416065,7
20220729,-0.01995191797147622,3.5323759765587854,8
20220729,-0.04303839717597335,4.10182458014816,9
20220729,-0.011810735413366413,4.500178113087334,10
20220831,-0.06282747608487238,1.828480646342351,1
20220831,-0.0804394418269464,1.7509345352760701,2
20220831,-0.07825328480416005,2.2103656532734584,3
20220831,-0.08518124382560532,2.329250361451623,4
20220831,-0.0779486450803657,2.4867454119940295,5
20220831,-0.08433908106488508,2.5629535078582766,6
20220831,-0.07729585105122438,3.088223590178943,7
20220831,-0.08530921956554827,3.231031738786464,8
20220831,-0.08130385285268715,3.768330438056259,9
20220831,-0.09271302331983966,4.082952994745236,10
20220930,0.0591974360122971,1.936722012403926,1
20220930,0.020233717198223644,1.786362449495449,2
20220930,0.04884298710175594,2.318326514366458,3
20220930,0.02541964166491817,2.3884590709876043,4
20220930,0.031681343439501575,2.565528847438017,5
20220930,0.0447106538217088,2.6775448349092623,6
20220930,0.025572247150134064,3.1671964070818737,7
20220930,0.030226581335038194,3.3286947824349835,8
20220930,0.014906824407617592,3.8245042782062444,9
20220930,0.004590609294626624,4.101696236712437,10
20221031,0.032122221158844555,1.9989338252095674,1
20221031,0.04999959135086329,1.875679841974749,2
20221031,0.06785311923970405,2.475632199782333,3
20221031,0.03300596187751759,2.4672924600306323,4
20221031,0.0628876811497725,2.7268690075762425,5
20221031,0.05473066997445453,2.8240886576104867,6
20221031,0.06776571657040109,3.381823741126977,7
20221031,0.06912533195013415,3.5587919142314814,8
20221031,0.09533533310347209,4.189114667524691,9
20221031,0.10896119071774102,4.5486219426271015,10
20221130,-0.04583289844931693,1.9073168941918326,1
20221130,-0.036236751080022556,1.8077112984352939,2
20221130,-0.03419865491137131,2.390968908494498,3
20221130,-0.03379777367003156,2.3839034678887416,4
20221130,-0.0395596522460544,2.618995017915983,5
20221130,-0.037652942114810406,2.7177534108583865,6
20221130,-0.0514471180086562,3.207838656032742,7
20221130,-0.031175759159958627,3.4478438746129925,8
20221130,-0.05274541636587937,3.9681580701816883,9
20221130,-0.04464033236025977,4.345569947327057,10
20221230,0.0700518165085473,2.0409279072874114,1
20221230,0.07774899399869706,1.9482590333287164,2
20221230,0.08454123056592677,2.5931043622634933,3
20221230,0.08564424919777869,2.588071090556054,4
20221230,0.10399226706344522,2.891350247256934,5
20221230,0.0983803871527853,2.9851270436044373,6
20221230,0.10802986213394905,3.5543810237919113,7
20221230,0.08971269237660473,3.757159231498709,8
20221230,0.1054740452753451,4.386695754135758,9
20221230,0.09257532650629163,4.747862504056788,10
20230131,0.007648143314519018,2.056537216416947,1
20230131,0.013081807988704064,1.973745783914981,2
20230131,0.015286826036556178,2.6327446975440503,3
20230131,0.02160657383157627,2.6439904396555214,4
20230131,0.03170957724003309,2.983033741250317,5
20230131,0.0290185987589906,3.071751247527406,6
20230131,0.029211281205937745,3.658209047390946,7
20230131,0.02665002460876864,3.8572876174772115,8
20230131,0.03995654994956088,4.56197298214941,9
20230131,0.04028242890721123,4.939117937837669,10
20230228,0.0038841899392392243,2.0645251975826246,1
20230228,-0.010715936133438908,1.9525952501509038,2
20230228,-0.02320449361526522,2.571653190019266,3
20230228,-0.013957162060417527,2.6070878366030548,4
20230228,-0.02302638572830995,2.9143452556837235,5
20230228,-0.0017782936191633736,3.066288771884271,6
20230228,-0.017896107377263326,3.5927413454703614,7
20230228,-0.015778499569210402,3.796425406466527,8
20230228,-0.013195822438761384,4.5017739967065395,9
20230228,-0.009334126824499855,4.89301558460473,10
20230331,-0.016233261957538936,2.031011219232326,1
20230331,-0.029492336099687044,1.8950086547668008,2
20230331,-0.018194258712936673,2.5248638665601066,3
20230331,-0.052823116623602395,2.4693733317621964,4
20230331,-0.02319433385884251,2.8467489588434614,5
20230331,-0.01784497516632999,3.0115709248971996,6
20230331,-0.03918552026812239,3.4519579066593113,7
20230331,-0.04740072850618893,3.616472076480609,8
20230331,-0.039750391731674384,4.322826716849989,9
20230331,-0.050507027720548936,4.645883910836021,10
20230428,-0.008618759373446583,2.0135064222489922,1
20230428,-0.014684650198413585,1.867181115548584,2
20230428,-0.017356478733801417,2.4810411205544125,3
20230428,-0.023264801701443072,2.411923850871917,4
20230428,-0.012486810904906331,2.811202142900644,5
20230428,-0.02412269665712241,2.938923713014495,6
20230428,-0.010106773785796719,3.4170697489786135,7
20230428,-0.010290496043350417,3.579256784886698,8
20230428,0.003081844414697388,4.336148996223018,9
20230428,-0.022544782082842274,4.54114347048404,10
20230531,0.01060943807783632,2.0348685939551685,1
20230531,0.021776771716680132,1.9078422924555816,2
20230531,0.03687944578814495,2.572540542058057,3
20230531,0.030508646652289695,2.4855083833903984,4
20230531,0.03602432426701663,2.912473800476629,5
20230531,0.03759994279449064,3.0494270765012117,6
20230531,0.04428462980348491,3.5683934178248187,7
20230531,0.025861240544687636,3.6718208055718584,8
20230531,0.035550323356208224,4.4903004951594445,9
20230531,0.040964929717870024,4.727171093591183,10
20230630,-0.0103421772131429,2.0138236223510253,1
20230630,-0.03280559320715104,1.8452543943058852,2
20230630,-0.030612166326765555,2.4937895031022284,3
20230630,-0.022556134313962195,2.4294449224561654,4
20230630,-0.015060663518705497,2.868610012560605,5
20230630,-0.024734472606869118,2.9740011060108476,6
20230630,-0.01710656393321408,3.507350467683938,7
20230630,-0.010988164859195293,3.6314742332268115,8
20230630,-0.0064745789786229135,4.461227689965785,9
20230630,0.0025895037743366434,4.739412120979972,10
20230731,-0.04658534057248487,1.9200089630508876,1
20230731,-0.045468896284871274,1.761352713631988,2
20230731,-0.046984022868495456,2.3766212400592592,3
20230731,-0.0471372916692433,2.314927468551987,4
20230731,-0.04541210381672578,2.7383403968605036,5
20230731,-0.060292439261613984,2.7946913249627157,6
20230731,-0.049564449853660375,3.3335105713092053,7
20230731,-0.05504667993299994,3.431573633425439,8
20230731,-0.047734155016763924,4.248274755847879,9
20230731,-0.06281783304664856,4.44169252162499,10
20230831,-0.01032165558015552,1.900191291823465,1
20230831,-0.012889926842153732,1.7386490060100428,2
20230831,-0.006429538528417766,2.361340662228842,3
20230831,-0.007084780925744272,2.2985267145783084,4
20230831,-0.008547678361225497,2.7149339439045894,5
20230831,-0.014068317731732893,2.7553747194410225,6
20230831,-0.005119680147367411,3.316444063416234,7
20230831,0.0041394858790237965,3.445778584023834,8
20230831,-0.0060353571724913735,4.222634900329458,9
20230831,-0.007979824419648729,4.406248595176356,10
20230928,-0.008629277009336689,1.883794014795591,1
20230928,-0.018658101451444642,1.706209116467454,2
20230928,-0.010874619200201496,2.335661981725152,3
20230928,-0.007270741281601101,2.281814721507761,4
20230928,-0.023673402596260162,2.6506622196282836,5
20230928,-0.030890558939795754,2.6702596542689063,6
20230928,-0.02141192098043132,3.2454326251943453,7
20230928,-0.020607229197789567,3.37477063497802,8
20230928,-0.026142972703519063,4.1122426713932185,9
20230928,-0.026678048956138012,4.288698479441327,10
20231031,0.026717613235247573,1.9341244946977738,1
20231031,0.025133272128150086,1.749091734499161,2
20231031,0.019751283379470408,2.3817943034048605,3
20231031,0.0352749277193567,2.3623055708779113,4
20231031,0.022904254043762062,2.7113736604908523,5
20231031,0.028665015299208063,2.7468026881113823,6
20231031,0.032192749261669595,3.3499120239428692,7
20231031,0.02240066473940794,3.4503677405445616,8
20231031,0.01778795755518292,4.185391069488573,9
20231031,0.008427897358251446,4.324843190026547,10
20231130,-0.02819552688010618,1.8795908355180508,1
20231130,-0.03166869565162622,1.693700280692532,2
20231130,-0.026280272877955757,2.31920009917222,3
20231130,-0.015480899673873116,2.325734955336119,4
20231130,-0.025466995871524456,2.6423231186729716,5
20231130,-0.030207026872401177,2.663829945498418,6
20231130,-0.02168559427508987,3.277267190934399,7
20231130,-0.015043608829444999,3.3984617579380734,8
20231130,-0.01138897181216214,4.137723768575293,9
20231130,-0.0023354317158038596,4.31474281407468,10
20231229,-0.20921937217451025,1.486344020966001,1
20231229,-0.2061458792455998,1.344550947150651,2
20231229,-0.22313741874988668,1.8016997754784498,3
20231229,-0.2147436102831216,1.826298234465586,4
20231229,-0.20714659388224732,2.0949748847035483,5
20231229,-0.19886334158050123,2.134091821134398,6
20231229,-0.19911918513749927,2.6247004183976803,7
20231229,-0.20228570972029647,2.711001509276284,8
20231229,-0.19050712838422046,3.349457895376879,9
20231229,-0.15139427817375417,3.6615154402324515,10
20240131,0.11684429405628705,1.6600148388205564,1
20240131,0.10577571423895948,1.4867717839161805,2
20240131,0.10247336831792864,1.9863260201693824,3
20240131,0.11268874755625191,2.032101495171707,4
20240131,0.11137314955829636,2.3282988358585115,5
20240131,0.1223681935541292,2.3952367821652563,6
20240131,0.10913818214031079,2.9111554507245163,7
20240131,0.11309269920828702,3.017595987518079,8
20240131,0.11996535998148761,3.751276817538602,9
20240131,0.11163170024016922,4.070256634281232,10
20240229,0.019334598083697196,1.6921105585421252,1
20240229,0.034651140189511764,1.5382901214304705,2
20240229,0.024804880359108106,2.0355965994538674,3
20240229,0.040066413181134575,2.113520513303258,4
20240229,0.03864611640554827,2.418278543696002,5
20240229,0.0347242894150992,2.4784096774068534,6
20240229,0.00754839275805641,2.9331299954463415,7
20240229,0.04172706658679615,3.143511416221295,8
20240229,0.038178976298667955,3.8944967262451504,9
20240229,0.018770432864423814,4.1466571131759835,10
20240329,0.004279415990845026,1.699351803524628,1
20240329,0.01517453905121191,1.5616329649502108,2
20240329,0.015259934506769879,2.066659670243737,3
20240329,0.011229624778481107,2.1372545556292764,4
20240329,0.01098263769363661,2.4448376207837104,5
20240329,0.018293915778321734,2.523749495309512,6
20240329,0.010469081502074706,2.9638371724248493,7
20240329,-0.001858257259563123,3.1376699633115823,8
20240329,0.01690807593493382,3.9603451726208547,9
20240329,0.01577263022678932,4.212060802499394,10
20240430,-0.027112587405404676,1.6532779792190344,1
20240430,-0.02301441780381941,1.5256928914386294,2
20240430,-0.03406753912237093,1.9962536610750823,3
20240430,-0.014580570682454663,2.1060921645145254,4
20240430,-0.016546595262372343,2.404383882190381,5
20240430,-0.027615500583679897,2.4540548896487304,6
20240430,-0.017060667400326746,2.9132721321973842,7
20240430,-0.020535933506498738,3.0732349815796773,8
20240430,-0.0028744268061964284,3.948961450294883,9
20240430,-0.007076476893961292,4.182254251554547,10
20240531,-0.08937661467849423,1.5055135903139352,1
20240531,-0.08305252086830872,1.3989802507337923,2
20240531,-0.08052015561403925,1.8355150056402212,3
20240531,-0.0919655865414073,1.912404163294685,4
20240531,-0.0733977994985775,2.22790739608776,5
20240531,-0.08927482635884976,2.2349695655002537,6
20240531,-0.07866174592954256,2.684109059910857,7
20240531,-0.07849171300799962,2.8320115033993805,8
20240531,-0.07488911501892892,3.653227222038433,9
20240531,-0.08865702400700637,3.8114680359710715,10
20240628,-0.007253465733345288,1.4945933990755074,1
20240628,-0.01734946103532553,1.3747086973844964,2
20240628,-0.010209559652813893,1.8167752056965023,3
20240628,-0.02993384493180351,1.8551585536236865,4
20240628,-0.029958111058960735,2.161163498886683,5
20240628,-0.019211379711654097,2.1920327165334377,6
20240628,-0.03046550125966596,2.602336331965062,7
20240628,-0.013230043779512868,2.7945438672253227,8
20240628,-0.024033405804503305,3.5654277297151253,9
20240628,-0.01117834821770114,3.7688621190443494,10
20240731,-0.04119045972368496,1.4330304098676023,1
20240731,-0.06284427992675634,1.2883161191883186,2
20240731,-0.054757111486400945,1.7172938432124498,3
20240731,-0.06116931162039663,1.741679781951835,4
20240731,-0.04777304148693173,2.0579181453943267,5
20240731,-0.06085043315840799,2.058646576234976,6
20240731,-0.05934752537734167,2.447894110463387,7
20240731,-0.05539608463556123,2.63973707863872,8
20240731,-0.05699720938807051,3.3622082988465194,9
20240731,-0.04953078047404447,3.5821874367890216,10
20240830,0.37913951022749126,1.9763488576059063,1
20240830,0.398489577792543,1.8016966655869993,2
20240830,0.39920624477739075,2.402848269540625,3
20240830,0.37284058412750687,2.391048689217826,4
20240830,0.40551552097575994,2.8924358942493766,5
20240830,0.4077472014543686,2.8980539564784054,6
20240830,0.381350788357552,3.381400459304408,7
20240830,0.3976981207462187,3.6895555540774523,8
20240830,0.4103210369258625,4.741793094389964,9
20240830,0.4258577107256989,5.107689578010354,10
20240930,-0.08044243062672163,1.8173665517337427,1
20240930,-0.060140040361585156,1.6933425553992638,2
20240930,-0.09843524159245476,2.1663233196183818,3
20240930,-0.09151705327961213,2.1722269589325314,4
20240930,-0.10035505501147934,2.602165330964803,5
20240930,-0.09113142411738784,2.633950172255498,6
20240930,-0.08650567784480645,3.0888901205075405,7
20240930,-0.11230344389760782,3.2752057589030077,8
20240930,-0.09395301892064012,4.296287318074983,9
20240930,-0.10266681758606278,4.583299343818531,10
20241031,0.04528457099969385,1.8996652163781982,1
20241031,0.04897906278554842,1.7762808867376052,2
20241031,0.04225005897019063,2.2578506076207576,3
20241031,0.0445707801455375,2.269044809145323,4
20241031,0.054784688655707736,2.744724148452386,5
20241031,0.054381366285410904,2.7771879813504454,6
20241031,0.05752434268824347,3.266576494325946,7
20241031,0.05114909358867492,3.442729564787305,8
20241031,0.031022098331598746,4.429567165717105,9
20241031,0.045395034975076465,4.7913583778324185,10
20241129,-0.04199365351696749,1.819891333483377,1
20241129,-0.046052226353656245,1.6944791972738917,2
20241129,-0.030320144234279534,2.1893922515382407,3
20241129,-0.03547324807939667,2.1885544197272435,4
20241129,-0.033600284986333606,2.6525006348555142,5
20241129,-0.026998547003311835,2.702207941098923,6
20241129,-0.04227280082302465,3.1284891568081314,7
20241129,-0.028025689763798378,3.3462446940639192,8
20241129,-0.019520627649626032,4.343099234426132,9
20241129,-0.018332983528723257,4.703518483611407,10
20241231,0.00491143493581947,1.8288296113580422,1
20241231,0.004200327140771565,1.701596564235674,2
20241231,0.00941013663342094,2.2099947317693687,3
20241231,0.019603624370468697,2.2314580184859056,4
20241231,0.020214725558589608,2.706120207233103,5
20241231,0.0001263754542959461,2.7025494338550815,6
20241231,0.004348564823179357,3.1420935947051256,7
20241231,0.00428328828737734,3.360577624768702,8
20241231,0.0043140541726398585,4.361835599800598,9
20241231,-0.0049453360029723115,4.680258004313758,10
20250127,0.07799480759385657,1.97146882501786,1
20250127,0.09275680602842562,1.859431226683118,2
20250127,0.06173975698814038,2.34643926945388,3
20250127,0.0627136058971125,2.3714007972331825,4
20250127,0.06107560751097285,2.8713981428875845,5
20250127,0.06596723189814346,2.880829139074396,6
20250127,0.060706432693063306,3.3328388880273976,7
20250127,0.06633735281324138,3.583509448319268,8
20250127,0.050247064332038294,4.581005033789554,9
20250127,0.0488878914208406,4.909065949450168,10
20250228,-0.006192262979000329,1.9592609715984486,1
20250228,0.016000143702957548,1.8891823935158145,2
20250228,-0.012648272277915207,2.3167608666902346,3
20250228,-0.004780716616061498,2.3600638020385083,4
20250228,0.019632667262846182,2.927771347206051,5
20250228,0.010309217125254122,2.910528232169873,6
20250228,0.006846202884480679,3.3556561792361204,7
20250228,0.002135969890527223,3.5911637166032984,8
20250228,0.012994054481038964,4.6405308627765285,9
20250228,0.0191420720043205,5.003035643328501,10
20250331,-0.02091771109174012,1.9182777166412301,1
20250331,-0.001558606909660809,1.8862379007836712,2
20250331,-0.036519125810346,2.2321547851270878,3
20250331,-0.021984415589174855,2.3081791785975256,4
20250331,-0.030350377647041182,2.838912381154161,5
20250331,-0.0045160505947992036,2.897384139415802,6
20250331,-0.03133475826472598,3.2505075040402227,7
20250331,-0.035608662157788906,3.463287181065462,8
20250331,-0.05794457365158756,4.371637280415909,9
20250331,-0.05787748542923554,4.71347252077981,10
20250430,0.01550979851436507,1.9480298175209319,1
20250430,0.007088280466804653,1.8996080840515428,2
20250430,0.00510643485520168,2.243553138124066,3
20250430,0.007936086126653752,2.3264970873546247,4
20250430,0.004428232755674832,2.8514837459508784,5
20250430,0.001622067968988672,2.9020838934222044,6
20250430,0.022509195692556938,3.323673813548789,7
20250430,0.010725201616210933,3.500431634337228,8
20250430,0.015553506826816,4.439631570701221,9
20250430,0.031418451056000496,4.861562526477734,10
20250530,0.044467808153654254,2.0346544337240506,1
20250530,0.05334836467135995,2.000949068852188,2
20250530,0.055532809318341814,2.3681439467390772,3
20250530,0.05088282684585921,2.4448758358078857,4
20250530,0.04963978085839926,2.9930307742211677,5
20250530,0.052318967914889436,3.0539179275284782,6
20250530,0.0632835798265381,3.534007790645878,7
20250530,0.05374368405246477,3.6885577261403006,8
20250530,0.07062581554793557,4.7531841711143565,9
20250530,0.06397105011446347,5.172561786493638,10
20250630,0.06856520497954866,2.1741609320348876,1
20250630,0.06060554758571479,2.1222176828611006,2
20250630,0.04548803498158671,2.4758661614297774,3
20250630,0.04984258269541253,2.566734761834156,4
20250630,0.05593944681979934,3.1604592600457355,5
20250630,0.06251600088836029,3.244836663398828,6
20250630,0.061487049341617084,3.75130350204298,7
20250630,0.06317375474424924,3.9215777672914935,8
20250630,0.07183578453592876,5.094632885090115,9
20250630,0.07097929776078793,5.539706589723243,10
20250731,0.10149042314416601,2.3948174450106228,1
20250731,0.1412410820970329,2.42196200483386,2
20250731,0.11103537479019043,2.7507748885944827,3
20250731,0.14947465541860083,2.950396555910261,4
20250731,0.109732105286936,3.507263108324146,5
20250731,0.10766720554479625,3.5941991593962808,6
20250731,0.1245038677488719,4.21835529714722,7
20250731,0.10984417076367148,4.352340225224878,8
20250731,0.10381043509840637,5.623508941557969,9
20250731,0.10265676798956713,6.108394963834739,10
20250829,0.014912728081220239,2.430530706372229,1
20250829,-0.0006910181312627106,2.4202883851752905,2
20250829,0.022868254714202063,2.813680309408292,3
20250829,0.028312500166382648,3.033929658890365,4
20250829,0.03430864572650649,3.6275925557772855,5
20250829,0.04787587398368043,3.7662745854237873,6
20250829,0.05885175302032586,4.466612901246911,7
20250829,0.033935685340593436,4.500039873603317,8
20250829,0.03843141631028946,5.839628354815618,9
20250829,0.053199666298765935,6.433359537531809,10
20250930,-0.006179398731947838,2.415511488007312,1
20250930,-0.023482816623337066,2.3634531968506267,2
20250930,-0.015974492908744753,2.7687331932581745,3
20250930,-0.014613185839607246,2.989594280960704,4
20250930,-0.008684893635340085,3.596087300278008,5
20250930,-0.007636254289847377,3.7375143549641017,6
20250930,-0.007034367162116806,4.435193106128493,7
20250930,-0.0008443758150649128,4.496240148767218,8
20250930,0.006348303729538429,5.876700089279613,9
20250930,0.013574152117196814,6.520686938518884,10
20251031,-0.018973358011325492,2.3696811237648796,1
20251031,-0.02299129048177051,2.3091143578617648,2
20251031,-0.04053623330627776,2.6564991785734255,3
20251031,-0.027810410373506955,2.906452437156897,4
20251031,-0.03412006840758508,3.4733885555928743,5
20251031,-0.010838886434670014,3.6970038613226968,6
20251031,-0.039222796086887945,4.261232431320844,7
20251031,-0.03261201669186342,4.349608689984995,8
20251031,-0.027197787429535825,5.716866849464251,9
20251031,-0.021832186700644685,6.378326083860685,10
20251128,0.03859799176544798,2.461146056266694,1
20251128,0.041951823775751684,2.4059859164808395,2
20251128,0.06154619127197236,2.819996585131743,3
20251128,0.049404514184768766,3.050044307815771,4
20251128,0.044238507847596864,3.627046082467223,5
20251128,0.03888329938292645,3.8407555692823423,6
20251128,0.05772923506531469,4.507230120016507,7
20251128,0.05511395785975037,4.589332840031232,8
20251128,0.0349498692391792,5.916670598310826,9
20251128,0.031774406829385926,6.580993611739758,10
20251231,0.06800213979823067,2.6285092544488053,1
20251231,0.08171136484152508,2.6025823095059764,2
20251231,0.06374151463312061,2.999747438728268,3
20251231,0.057525763207239455,3.2255004344387697,4
20251231,0.08795415735473933,3.9460598643374354,5
20251231,0.08534820646609997,4.168557168595275,6
20251231,0.09410877574313337,4.931400028603837,7
20251231,0.07109269717282674,4.915600889852881,8
20251231,0.07999551869098998,6.38997773174643,9
20251231,0.04638650488515084,6.88626290405987,10
20260130,0.02611085375208,2.697141875177707,1
20260130,0.018688056390668395,2.65121951446738,2
20260130,0.0346922916315473,3.103815551693616,3
20260130,0.06497989830580986,3.4350931246539465,4
20260130,0.042218326697865294,4.1126559088593675,5
20260130,0.04822456813525,4.369584037797883,6
20260130,0.04147747258596168,5.135942038100663,7
20260130,0.03866086658792711,5.105642280054979,8
20260130,0.02410595790195491,6.544014265942338,9
20260130,0.034431135190966966,7.1233647530700965,10
20260227,-0.08474581286334915,2.4685703945579944,1
20260227,-0.08402678760336324,2.4284460554353378,2
20260227,-0.08897839728546497,2.827643018434217,3
20260227,-0.07776353020526006,3.167968156697038,4
20260227,-0.0759925842229231,3.8001245583254697,5
20260227,-0.09394157000764258,3.959098453006815,6
20260227,-0.09524229545298679,4.6467831290784645,7
20260227,-0.08284272850612218,4.682676942799006,8
20260227,-0.0822867841855115,6.0055283763338325,9
20260227,-0.055466798071511,6.7282545187218386,10
20260331,0.08076992762580737,2.667956646665654,1
20260331,0.07901954407392475,2.620340755543959,2
20260331,0.10229476535530813,3.1168960975135205,3
20260331,0.06925187907849528,3.3873559044091452,4
20260331,0.07740798741401056,4.094284552308,5
20260331,0.09810276722445321,4.347496966960835,6
20260331,0.05657104938683277,4.909656526963463,7
20260331,0.069180472314331,5.006626745397268,8
20260331,0.058620284892920704,6.357574160687041,9
20260331,0.06019761707687743,7.1332794078356265,10
20260430,-0.007953680782250228,2.646736571157193,1
20260430,-0.008248143371518246,2.59872780931,2
20260430,0.0012202809836776574,3.1206995865494154,3
20260430,-0.003936259464958014,3.374022392669233,4
20260430,-0.015496515231769203,4.030837409379962,5
20260430,-0.0250792894840548,4.238464831995374,6
20260430,-0.03525069224281241,4.736587735713559,7
20260430,0.0027386927115762294,5.02033835757447,8
20260430,0.009715500210695227,6.419341173784706,9
20260430,-0.023138056829693054,6.968229183515047,10
20260529,-0.016182103035791484,2.6039068072541296,1
20260529,-0.003564692632446631,2.5894641434344186,2
20260529,0.07572056009235495,3.3570007071229178,3
20260529,0.028032395973609292,3.4686043244043616,4
20260529,0.027742671265529095,4.142663606553187,5
20260529,-0.02387183275848237,4.137284908373272,6
20260529,0.009337281096631012,4.780814586840771,7
20260529,-0.014020716739490124,4.9499496155265215,8
20260529,-0.023243122056619714,6.270135643359343,9
20260529,-0.05615738751931276,6.576911636933008,10
20260630,-0.15425703948347547,2.202235852076239,1
20260630,-0.17859704589226855,2.126993496973078,2
20260630,-0.14479491750461737,2.8709240666721128,3
20260630,-0.15119459068809882,2.9441701133170746,4
20260630,-0.08756518266813906,3.7799105111127056,5
20260630,-0.08558620780285675,3.783190382465614,6
20260630,-0.05631991435270123,4.511559518773754,7
20260630,-0.02750566406970767,4.81379796423987,8
20260630,-0.005757358514846711,6.234036224523805,9
20260630,0.02268417168337722,6.726103429651597,10
